{"choices":{"JavaScript":5,"Java":12,"C":11,"SQL":6,"Kotlin":13,"Julia":25,"Go":9,"HTML/CSS":4,"Clojure":31,"Bash/Shell":17,"R":34,"Objective-C":36,"Assembly":32,"Crystal":35,"Python":14,"LISP":30,"F#":8,"Groovy":28,"SAS":37,"Fortran":40,"C++":3,"Erlang":20,"PowerShell":23,"Rust":0,"MATLAB":39,"Elixir":7,"Perl":29,"C#":2,"VBA":24,"TypeScript":1,"Haskell":19,"Ruby":21,"Scala":22,"Swift":15,"APL":16,"PHP":26,"Dart":27,"Delphi":18,"Solidity":33,"OCaml":38,"COBOL":41,"Lua":10},"rounds":[[17113.0,26050.0,15681.0,11896.0,25423.0,31551.0,24804.0,3289.0,1947.0,15500.0,2390.0,7856.0,13345.0,9316.0,29350.0,5071.0,608.0,13242.0,1663.0,2961.0,1224.0,3907.0,2451.0,4700.0,923.0,2221.0,7325.0,6083.0,1037.0,934.0,1240.0,1938.0,3046.0,2606.0,2934.0,510.0,877.0,378.0,739.0,1059.0,439.0,346.0],[13810.5,16892.0,11534.5,9226.0,14754.5,0.0,17031.0,2647.5,1579.5,11755.5,1775.0,6107.5,9486.0,7150.0,21833.0,3814.0,493.0,9617.0,1393.0,2484.0,985.5,2777.5,2020.0,3190.5,633.0,1860.5,4356.0,4380.5,750.5,689.5,1026.5,1630.0,2407.0,1794.5,2243.5,393.5,642.0,255.5,621.0,805.5,351.5,253.5],[11105.323,14167.998,9716.339,6862.014,12221.663,0.0,13436.593,2281.1753,1368.668,9241.087,1377.3368,4535.9644,7622.091,5901.403,0.0,3157.3052,421.16705,7074.741,1235.8336,1995.8458,838.4981,2273.1787,1554.8384,2494.662,493.83472,1371.1711,3586.9219,3576.284,589.5005,537.1678,811.66455,1399.3363,1870.0128,1452.8406,1517.0098,335.00034,524.1677,192.9998,514.6676,543.0012,255.66634,205.66647],[9432.175,0.0,8118.4863,6199.7812,9794.066,0.0,11443.033,1962.6796,1114.3308,7848.701,1197.2487,4132.9326,6703.108,5036.845,0.0,2709.0706,384.00015,6144.973,1182.4169,1725.3408,741.8324,1963.2695,1350.6678,2083.0256,447.33414,1257.4164,3116.3657,3009.885,511.5016,485.08426,731.9993,1248.7496,1676.4252,1174.7485,1376.3364,283.99985,460.75064,158.58333,442.50046,494.08435,232.8332,178.8333],[8664.532,0.0,6827.465,5622.0454,8287.014,0.0,0.0,1746.5864,971.7821,7051.5566,1073.3977,3730.5513,5719.186,4524.523,0.0,2483.6519,348.98346,5230.854,939.8323,1575.5687,654.7842,1709.9194,1178.0996,1665.8707,350.9172,1156.382,2519.7183,2715.9941,434.21832,401.30127,655.93427,1124.5646,1515.4836,1072.3651,1169.0149,247.33289,419.10126,133.81657,404.26755,432.40155,210.31635,154.4165],[0.0,0.0,6346.697,4961.117,7825.4243,0.0,0.0,1429.2675,818.4168,6067.0967,883.668,3219.5247,5375.606,4067.0552,0.0,2262.9917,308.0999,4657.371,919.04895,1231.9822,524.06793,1516.5154,994.8321,1561.7489,335.90012,975.91547,2425.7568,2465.6077,400.9008,351.36707,537.7349,965.6491,1272.5002,921.38446,1080.1484,203.43323,388.91705,119.54993,299.96655,396.55063,183.36661,137.84993],[0.0,0.0,5795.383,4654.6772,0.0,0.0,0.0,1339.7031,771.895,5734.6123,811.2452,3013.8064,4948.7734,3853.4192,0.0,2131.2004,288.8117,4225.7637,868.6026,1173.3796,493.86758,1382.0302,957.4871,1387.1725,303.2713,938.7753,2052.8633,2284.234,371.26233,321.00934,505.39868,911.8017,1191.317,854.1534,1014.82306,183.30685,365.97855,107.578575,287.06857,371.2838,173.62846,125.65243],[0.0,0.0,0.0,4214.7646,0.0,0.0,0.0,1296.5646,627.791,5472.799,759.4108,2771.0308,4694.424,3655.182,0.0,2024.7112,270.4177,4021.4832,806.23517,1122.6709,473.45435,1326.8988,922.01337,1174.9517,268.77682,912.03357,1957.1781,2149.099,353.7062,303.99387,489.74518,880.61584,1096.4259,820.1137,973.7378,169.48917,335.12488,100.47146,273.63412,347.2753,160.63803,112.17978],[0.0,0.0,0.0,3987.4663,0.0,0.0,0.0,1182.814,587.2507,0.0,692.37134,2593.256,4409.045,3364.145,0.0,1909.9211,259.18365,3710.0947,793.5853,1033.9142,423.00842,1215.714,839.79517,1123.8778,262.20245,856.70886,1867.7562,1958.0629,322.00333,278.60205,456.3696,825.32166,1023.61694,729.5601,920.33215,152.50558,313.9177,95.33578,253.91766,329.2882,146.51956,101.30164],[0.0,0.0,0.0,3764.965,0.0,0.0,0.0,1160.508,576.00665,0.0,661.08704,2448.9043,0.0,2990.4875,0.0,1822.823,250.59123,3504.0767,780.63275,1002.369,410.2588,1172.4017,764.96155,1077.8751,250.40616,839.9625,1780.6539,1842.0239,267.39926,263.14294,439.90503,787.6011,973.7216,702.82294,890.1134,146.92499,295.68286,90.79005,246.88771,311.84415,141.18494,93.91904],[0.0,0.0,0.0,0.0,0.0,0.0,0.0,1136.0034,554.48114,0.0,605.58203,2038.0164,0.0,2894.5842,0.0,1753.7972,239.2528,3269.8423,752.3365,944.0758,396.07904,1136.7311,742.9282,1029.3328,234.84494,790.4967,1724.4556,1784.4099,258.3816,241.08148,409.2159,770.39026,838.3008,680.8472,845.8614,141.59102,269.6203,87.62853,233.99364,275.64438,125.88985,86.56473],[0.0,0.0,0.0,0.0,0.0,0.0,0.0,1090.4822,538.5076,0.0,557.80237,1869.0525,0.0,2805.3772,0.0,1702.8951,226.33951,0.0,742.6272,890.21643,375.31815,1082.8252,708.3383,957.5974,225.39008,747.9823,1657.0356,1738.9722,238.23451,215.32497,372.50824,735.2138,756.0737,659.2622,800.9401,133.49008,254.73341,83.46311,220.21623,257.58926,112.81897,80.32523],[0.0,0.0,0.0,0.0,0.0,0.0,0.0,1053.4875,520.5487,0.0,540.0643,1832.2914,0.0,0.0,0.0,1527.8939,221.13367,0.0,737.9445,860.99054,364.48468,1050.4564,663.5641,938.9712,221.33432,730.18616,1620.5336,1605.2301,220.20364,209.92728,361.46704,707.3867,736.548,633.6278,780.30774,127.977875,235.88261,80.84798,211.53824,247.76595,108.36101,75.9254],[0.0,0.0,0.0,0.0,0.0,0.0,0.0,1034.4183,510.8095,0.0,509.5578,0.0,0.0,0.0,0.0,1502.0228,212.4844,0.0,724.41156,824.3745,352.4642,1027.4315,654.234,920.4199,216.1177,706.2323,1594.3154,1582.7653,215.24446,194.83833,337.71924,695.7303,642.96643,625.2945,761.55347,123.86433,223.77344,79.39993,200.74297,232.84917,98.755684,72.02144],[0.0,0.0,0.0,0.0,0.0,0.0,0.0,1027.7244,508.32553,0.0,501.07327,0.0,0.0,0.0,0.0,1483.3744,208.6416,0.0,706.17285,820.74207,349.8985,1010.5425,650.1249,902.91565,209.61504,702.51184,0.0,1552.2112,213.07465,187.91689,334.7937,693.43274,635.89325,617.39197,749.3114,122.46348,219.38086,75.9272,199.383,228.36224,96.42061,69.03134],[0.0,0.0,0.0,0.0,0.0,0.0,0.0,1006.1127,499.124,0.0,492.0714,0.0,0.0,0.0,0.0,1415.8783,204.91531,0.0,699.28284,808.84546,341.8297,992.1214,640.9754,892.1832,206.4173,694.4404,0.0,0.0,208.04152,183.81134,330.23666,677.11914,626.54156,596.7196,739.95746,118.16278,211.7658,74.28499,195.56395,223.35376,93.89775,66.32332],[0.0,0.0,0.0,0.0,0.0,0.0,0.0,989.2067,492.4449,0.0,482.3364,0.0,0.0,0.0,0.0,0.0,201.21013,0.0,693.50464,796.5054,334.79617,964.3145,632.58136,884.1311,203.0416,686.33844,0.0,0.0,203.96326,179.78282,325.9788,669.84546,617.1575,581.1731,728.1887,115.279106,172.27602,72.3286,192.09953,218.60371,92.36548,63.350086],[0.0,0.0,0.0,0.0,0.0,0.0,0.0,0.0,472.26306,0.0,468.16653,0.0,0.0,0.0,0.0,0.0,195.66032,0.0,691.9316,759.01404,267.58002,917.16907,615.2582,880.4528,201.9728,673.34875,0.0,0.0,200.76938,176.81433,312.97922,638.4213,610.4971,571.883,722.0096,102.657715,170.03555,71.34754,180.1333,217.08444,90.512924,61.792976],[0.0,0.0,0.0,0.0,0.0,0.0,0.0,0.0,468.11685,0.0,460.38345,0.0,0.0,0.0,0.0,0.0,193.21762,0.0,690.45087,748.8196,262.03772,0.0,606.8338,874.3989,200.35226,667.4494,0.0,0.0,198.76205,171.94597,306.33975,629.0037,603.8246,564.05475,710.51086,92.28051,165.84691,69.679855,176.48735,214.17842,89.10891,60.077366],[0.0,0.0,0.0,0.0,0.0,0.0,0.0,0.0,454.41766,0.0,455.28845,0.0,0.0,0.0,0.0,0.0,191.90541,0.0,680.755,744.0639,260.82495,0.0,602.056,0.0,193.83049,664.49915,0.0,0.0,195.23772,169.2182,304.69333,626.4923,595.5593,559.286,702.15814,91.4876,163.12389,68.35125,174.52164,210.70927,87.7317,58.74953],[0.0,0.0,0.0,0.0,0.0,0.0,0.0,0.0,430.94376,0.0,444.74734,0.0,0.0,0.0,0.0,0.0,181.22755,0.0,679.0498,0.0,246.19199,0.0,571.4496,0.0,193.13998,645.39044,0.0,0.0,191.91896,165.41722,281.0158,600.5796,581.24445,553.914,692.22845,88.86701,160.69728,67.86389,155.76816,207.99205,83.98293,57.206676],[0.0,0.0,0.0,0.0,0.0,0.0,0.0,0.0,426.5758,0.0,439.5709,0.0,0.0,0.0,0.0,0.0,177.24501,0.0,676.80786,0.0,243.08792,0.0,562.4338,0.0,187.46027,621.2679,0.0,0.0,190.35767,161.86168,276.0406,595.3583,577.01666,549.6026,0.0,87.662994,159.45094,63.111088,153.50514,195.99406,81.134636,56.156113],[0.0,0.0,0.0,0.0,0.0,0.0,0.0,0.0,424.87637,0.0,438.7663,0.0,0.0,0.0,0.0,0.0,174.65823,0.0,0.0,0.0,