{"choices":{"APL":16,"Java":12,"MATLAB":39,"Haskell":19,"Elixir":7,"Lua":10,"SQL":6,"C":11,"Bash/Shell":17,"Swift":15,"JavaScript":5,"VBA":24,"Ruby":21,"C#":2,"Assembly":32,"Julia":25,"SAS":37,"Objective-C":36,"F#":8,"Kotlin":13,"PHP":26,"Groovy":28,"Clojure":31,"Delphi":18,"OCaml":38,"Fortran":40,"Dart":27,"PowerShell":23,"COBOL":41,"LISP":30,"Solidity":33,"HTML/CSS":4,"TypeScript":1,"Perl":29,"Crystal":35,"Rust":0,"R":34,"Go":9,"Erlang":20,"C++":3,"Python":14,"Scala":22},"rounds":[[17113.0,26050.0,15681.0,11896.0,25423.0,31551.0,24804.0,3289.0,1947.0,15500.0,2390.0,7856.0,13345.0,9316.0,29350.0,5071.0,608.0,13242.0,1663.0,2961.0,1224.0,3907.0,2451.0,4700.0,923.0,2221.0,7325.0,6083.0,1037.0,934.0,1240.0,1938.0,3046.0,2606.0,2934.0,510.0,877.0,378.0,739.0,1059.0,439.0,346.0],[16746.84,25039.33,15221.42,11600.466,24245.268,0.0,23945.861,3218.1133,1906.3563,15084.979,2322.0007,7662.949,12917.596,9076.652,28521.355,4932.163,595.28174,12840.537,1633.1395,2908.285,1197.6232,3782.2156,2403.349,4533.263,890.9279,2181.137,6997.156,5894.988,1005.3148,906.9598,1216.3881,1903.9368,2975.3835,2516.2893,2857.6833,497.11603,851.0106,364.45264,725.9498,1030.9645,429.32318,335.7704],[16276.786,24387.219,14855.231,11173.271,23535.494,0.0,23195.48,3149.3848,1867.4199,14608.374,2242.575,7376.781,12525.346,8828.942,0.0,4798.093,581.1959,12360.626,1605.6167,2826.5461,1169.3285,3672.4316,2325.417,4381.1763,859.3665,2101.475,6788.7046,5721.7837,973.2172,875.21936,1179.7114,1864.1083,2877.166,2437.0898,2725.881,484.81384,824.91693,350.367,707.28613,982.4015,412.3845,325.13177],[15759.272,0.0,14352.248,10911.594,22532.596,0.0,22423.652,3051.4023,1797.9122,14113.199,2173.2097,7211.0566,12167.804,8542.036,0.0,4640.247,568.2042,11984.233,1586.8682,2745.79,1137.2551,3554.8306,2259.8625,4217.556,838.5406,2058.6294,6576.536,5510.8755,943.21857,853.6572,1152.929,1819.5154,2807.263,2330.4858,2661.2756,467.8039,798.60046,336.03577,685.7238,959.7008,402.7406,314.149],[15375.998,0.0,13845.251,10606.989,0.0,0.0,21486.898,2973.9812,1750.9033,13730.191,2097.2976,7007.243,11760.32,8309.394,0.0,4502.8926,553.86414,11540.3,1553.5903,2684.4248,1108.987,3427.3003,2214.3555,4027.7039,804.3723,2017.5823,6218.343,5317.1807,912.9619,822.0278,1125.4832,1781.9058,2726.955,2248.4663,2582.9597,452.15994,773.21454,320.8035,671.17834,929.2382,391.4881,302.14157],[15010.018,0.0,13283.081,10310.299,0.0,0.0,0.0,2890.217,1691.4775,13304.371,2030.2777,6803.492,11296.378,8056.289,0.0,4377.0723,538.2508,11068.454,1488.6826,2621.266,1074.1763,3300.7063,2137.9773,3810.2354,759.78516,1967.1605,5876.864,5144.6523,875.75867,783.98096,1093.6976,1736.8273,2650.3662,2178.8396,2467.614,435.63165,746.56055,303.99405,654.22906,893.3022,378.47662,288.0751],[0.0,0.0,12946.295,9895.5,0.0,0.0,0.0,2716.5942,1605.6461,12666.163,1903.469,6483.586,11029.376,7757.1504,0.0,4228.53,514.70294,10611.395,1471.2504,2437.3525,1002.71594,3159.9072,2034.4066,3704.411,742.7603,1861.2493,5760.897,4952.608,845.3788,746.0583,1028.2524,1651.8123,2502.8467,2062.5232,2391.866,405.96777,720.36115,291.35388,602.44366,861.1902,357.8853,273.1923],[0.0,0.0,0.0,9457.317,0.0,0.0,0.0,2657.7483,1460.4816,12319.41,1826.1624,6220.796,10696.91,7516.1455,0.0,4097.806,495.0116,10305.168,1418.7432,2372.612,972.902,3068.5713,1983.3517,3394.1416,692.92065,1821.7634,5579.6826,4778.8267,818.1235,716.3549,1002.7774,1616.6637,2397.948,2008.0194,2317.894,385.49753,682.982,275.33423,582.7525,826.3699,339.97406,254.83635],[0.0,0.0,0.0,9115.535,0.0,0.0,0.0,2520.779,1392.6147,0.0,1719.5802,5966.7876,10320.458,7171.722,0.0,3934.1638,476.10446,9823.036,1397.5841,2259.1658,914.2648,2909.994,1880.9331,3267.9785,672.0996,1745.6808,5393.547,4514.2407,771.5292,675.7257,957.75836,1551.8363,2296.0945,1878.2529,2227.0693,358.14926,647.1922,261.26587,552.92816,792.9435,319.2658,235.92834],[0.0,0.0,0.0,8697.78,0.0,0.0,0.0,2468.099,1359.0171,0.0,1643.891,5681.0825,0.0,6659.9917,0.0,3767.5066,455.45007,9395.484,1369.87,2190.7983,882.36725,2796.144,1761.1893,3119.6245,635.10443,1704.2404,5147.575,4310.856,680.41516,633.76324,924.4227,1496.539,2188.641,1803.6113,2136.7383,340.24008,602.3534,242.18051,532.66565,748.49713,300.44168,213.96715],[0.0,0.0,0.0,8229.315,0.0,0.0,0.0,2359.9497,1301.9753,0.0,1507.6781,5260.8057,0.0,6393.6074,0.0,3625.489,426.73108,0.0,1342.47,2058.0151,827.4331,2652.0256,1670.4266,2870.242,598.8771,1616.5078,4893.2075,4147.5005,617.9717,564.73254,851.4401,1424.4825,1995.1287,1718.6447,2022.7899,314.02448,564.01794,224.00087,498.28214,699.4918,270.5374,192.09889],[0.0,0.0,0.0,0.0,0.0,0.0,0.0,2290.0469,1244.4576,0.0,1368.6315,4532.149,0.0,6123.8677,0.0,3465.733,402.0985,0.0,1300.6031,1939.3711,786.9621,2532.2278,1605.1038,2705.5615,555.8778,1522.8256,4684.778,3973.9565,585.2933,513.24854,796.13824,1382.5295,1745.637,1644.3424,1908.7852,291.33383,509.5452,208.62257,465.06903,621.2427,237.49063,169.3528],[0.0,0.0,0.0,0.0,0.0,0.0,0.0,2180.9585,1177.4608,0.0,1282.8477,4325.401,0.0,0.0,0.0,3130.1912,385.9084,0.0,1280.4424,1834.1323,745.4307,2409.7751,1474.5769,2586.112,535.006,1462.2113,4494.1113,3641.7224,517.54767,481.89798,761.9321,1309.3998,1648.5887,1559.9877,1830.7266,269.4733,458.4492,196.03078,437.89435,585.0037,221.20515,151.83687],[0.0,0.0,0.0,0.0,0.0,0.0,0.0,2145.937,1158.9147,0.0,1212.7291,4122.92,0.0,0.0,0.0,2999.5266,371.53168,0.0,1224.139,1804.1053,728.63055,2294.1165,1444.8577,2431.399,489.26996,1441.6144,0.0,3448.4373,501.0665,434.4128,744.8405,1295.5892,1580.3732,1500.7825,1750.4481,258.89786,422.8317,174.34087,430.12668,553.7907,210.67244,136.64136],[0.0,0.0,0.0,0.0,0.0,0.0,0.0,2066.874,1118.4717,0.0,1074.8633,0.0,0.0,0.0,0.0,2876.5596,346.0147,0.0,1193.4642,1661.8363,682.43176,2198.1904,1394.2422,2313.7898,463.47806,1356.084,0.0,3329.9595,477.34573,379.04956,665.51025,1250.1427,1228.1356,1454.9773,1662.8182,240.8825,376.55737,167.31198,391.5133,492.5512,179.35966,121.502426],[0.0,0.0,0.0,0.0,0.0,0.0,0.0,1967.1122,1074.0692,0.0,1020.67566,0.0,0.0,0.0,0.0,2641.094,331.52777,0.0,1170.9124,1603.0798,646.3791,2113.3552,1349.5713,2230.009,451.97897,1309.5708,0.0,0.0,451.58826,364.47083,645.06366,1204.7697,1174.5681,1342.5251,1610.7489,221.77615,350.50067,157.63525,376.62775,467.35742,170.06485,112.114494],[0.0,0.0,0.0,0.0,0.0,0.0,0.0,1889.7356,1034.067,0.0,974.3816,0.0,0.0,0.0,0.0,0.0,316.2279,0.0,1149.8043,1538.5437,615.9072,1990.095,1301.3557,2169.6833,434.08453,1265.5499,0.0,0.0,426.1102,344.62247,621.3875,1171.3943,1120.8134,1266.8103,1553.5094,207.72241,237.3614,145.08034,355.3143,442.7821,161.32684,100.6426],[0.0,0.0,0.0,0.0,0.0,0.0,0.0,1863.9304,920.61725,0.0,929.68353,0.0,0.0,0.0,0.0,0.0,308.52686,0.0,1106.3357,1502.8132,606.4382,1945.5745,1268.5776,0.0,381.35687,1240.3654,0.0,0.0,395.70673,325.20547,610.17316,1157.2195,1062.4448,1231.3894,1478.5166,202.88638,224.42206,135.04713,346.57007,415.17953,153.17828,92.87068],[0.0,0.0,0.0,0.0,0.0,0.0,0.0,1657.2404,893.8177,0.0,875.4069,0.0,0.0,0.0,0.0,0.0,297.6081,0.0,1100.1682,1431.7755,567.2112,0.0,1217.6722,0.0,371.96942,1197.8058,0.0,0.0,382.54663,292.66858,574.05817,1109.6782,1015.95557,1172.736,1403.2256,139.17638,204.971,126.202126,327.5958,399.08762,146.38704,84.65401],[0.0,0.0,0.0,0.0,0.0,0.0,0.0,0.0,790.7542,0.0,802.1264,0.0,0.0,0.0,0.0,0.0,273.59094,0.0,1095.3383,1239.4729,292.01157,0.0,1127.5889,0.0,367.86856,1124.8624,0.0,0.0,373.8624,280.02292,510.28464,964.9114,974.7488,1118.9481,1371.1632,97.612625,198.25584,124.33219,269.88702,393.5928,140.39528,79.42543],[0.0,0.0,0.0,0.0,0.0,0.0,0.0,0.0,762.9474,0.0,773.00073,0.0,0.0,0.0,0.0,0.0,262.14838,0.0,1079.3254,1189.8582,280.45435,0.0,1060.2019,0.0,327.24634,971.4114,0.0,0.0,363.02115,257.76016,478.62598,938.5931,947.6581,1082.2948,0.0,91.68695,194.44414,97.96539,258.46625,318.30096,125.69187,75.40896],[0.0,0.0,0.0,0.0,0.0,0.0,0.0,0.0,653.87085,0.0,704.91174,0.0,0.0,0.0,0.0,0.0,227.14102,0.0,1076.146,0.0,221.15799,0.0,927.2452,0.0,326.30212,894.0972,0.0,0.0,350.28598,238.20122,359.50397,829.26587,868.1386,1049.9255,0.0,85.60653,188.75737,97.67907,