{"choices":{"APL":16,"Java":12,"MATLAB":39,"Haskell":19,"Elixir":7,"Lua":10,"SQL":6,"C":11,"Bash/Shell":17,"Swift":15,"JavaScript":5,"VBA":24,"Ruby":21,"C#":2,"Assembly":32,"Julia":25,"SAS":37,"Objective-C":36,"F#":8,"Kotlin":13,"PHP":26,"Groovy":28,"Clojure":31,"Delphi":18,"OCaml":38,"Fortran":40,"Dart":27,"PowerShell":23,"COBOL":41,"LISP":30,"Solidity":33,"HTML/CSS":4,"TypeScript":1,"Perl":29,"Crystal":35,"Rust":0,"R":34,"Go":9,"Erlang":20,"C++":3,"Python":14,"Scala":22},"rounds":[[17113.0,26050.0,15681.0,11896.0,25423.0,31551.0,24804.0,3289.0,1947.0,15500.0,2390.0,7856.0,13345.0,9316.0,29350.0,5071.0,608.0,13242.0,1663.0,2961.0,1224.0,3907.0,2451.0,4700.0,923.0,2221.0,7325.0,6083.0,1037.0,934.0,1240.0,1938.0,3046.0,2606.0,2934.0,510.0,877.0,378.0,739.0,1059.0,439.0,346.0],[16746.84,25039.33,15221.42,11600.466,24245.268,0.0,23945.861,3218.1133,1906.3563,15084.979,2322.0007,7662.949,12917.596,9076.652,28521.355,4932.163,595.28174,12840.537,1633.1395,2908.285,1197.6232,3782.2156,2403.349,4533.263,890.9279,2181.137,6997.156,5894.988,1005.3148,906.9598,1216.3881,1903.9368,2975.3835,2516.2893,2857.6833,497.11603,851.0106,364.45264,725.9498,1030.9645,429.32318,335.7704],[16273.934,24394.635,14855.968,11172.416,23547.764,0.0,23199.246,3149.5244,1867.4854,14607.993,2243.0317,7376.9014,12527.225,8829.999,0.0,4798.9355,581.2607,12360.467,1605.5785,2826.1755,1169.4335,3673.485,2325.087,4382.6484,859.73206,2101.02,6792.487,5723.3037,973.392,875.4615,1179.6022,1864.025,2877.239,2438.1023,2725.92,484.91333,825.19116,350.52655,707.25916,982.4751,412.36685,325.2459],[15756.954,0.0,14352.5205,10914.988,22557.03,0.0,22435.932,3051.4136,1797.339,14117.11,2174.595,7214.1475,12174.026,8544.359,0.0,4642.078,568.4131,11989.634,1586.9541,2745.3328,1137.5336,3557.2158,2259.743,4220.9956,839.3971,2058.7444,6583.8315,5514.4067,943.74554,854.3418,1153.005,1819.3062,2808.0945,2332.747,2662.94,468.0064,799.34314,336.4767,685.6942,960.39465,402.9429,314.47363],[15378.974,0.0,13846.628,10614.189,0.0,0.0,21501.785,2974.0105,1750.8257,13741.797,2099.6384,7012.3154,11770.022,8315.605,0.0,4507.011,554.174,11550.201,1552.7484,2684.4983,1109.3926,3430.595,2215.121,4033.3218,805.3579,2018.3323,6225.189,5324.23,913.93616,822.8782,1125.5841,1781.3457,2728.3616,2253.129,2586.2158,452.42035,774.57916,321.69348,671.3931,930.50073,391.93512,302.69916],[15017.278,0.0,13288.673,10322.552,0.0,0.0,0.0,2890.2473,1691.6738,13324.046,2034.4908,6812.0815,11310.919,8066.8867,0.0,4384.8237,538.76337,11086.544,1484.5691,2621.4016,1074.7124,3306.699,2138.1091,3821.1453,761.3252,1968.1744,5895.328,5157.972,877.18414,785.44244,1093.7788,1735.7404,2653.0012,2186.7546,2472.0962,436.25058,749.06635,305.614,654.6806,895.55914,379.35745,289.17545],[0.0,0.0,12965.318,9915.489,0.0,0.0,0.0,2718.693,1606.9135,12702.427,1911.9069,6497.961,11057.532,7777.3667,0.0,4242.112,515.9628,10650.316,1468.5176,2437.761,1004.38226,3172.692,2035.8594,3724.0754,746.0767,1863.3782,5791.6353,4976.7705,849.08307,749.79584,1028.8615,1651.3179,2508.3677,2076.441,2400.9458,407.99985,724.8457,294.14542,602.7881,865.67084,359.9519,275.67914],[0.0,0.0,0.0,9484.834,0.0,0.0,0.0,2664.5942,1465.0822,12373.893,1840.298,6242.858,10738.442,7547.6235,0.0,4117.7476,497.6215,10361.31,1416.0259,2377.0942,977.37964,3089.1458,1988.1957,3428.7615,699.10315,1827.0562,5623.8516,4812.7285,824.27954,723.22833,1005.6276,1618.3568,2407.8193,2026.6184,2333.0518,389.6177,690.1132,280.18143,584.9812,833.444,343.82703,259.085],[0.0,0.0,0.0,9165.648,0.0,0.0,0.0,2533.7422,1404.8755,0.0,1742.2393,6004.127,10377.59,7217.8115,0.0,3964.626,481.19055,9903.147,1397.5894,2269.791,922.03815,2940.6062,1890.1143,3319.7925,681.88855,1755.6613,5453.454,4563.6675,781.1602,686.846,963.67194,1556.774,2313.769,1904.8673,2250.1213,365.34814,658.6491,268.54755,557.86084,803.81036,325.67682,242.86917],[0.0,0.0,0.0,8778.304,0.0,0.0,0.0,2489.4307,1378.0591,0.0,1677.563,5742.8384,0.0,6722.4893,0.0,3812.322,464.03824,9504.543,1373.5369,2209.5254,895.93286,2842.8462,1776.97,3190.7664,650.8082,1720.1691,5231.2266,4377.5703,694.6526,651.6358,934.9647,1505.7906,2218.408,1840.7286,2171.8943,351.57434,620.9534,253.38591,541.67444,765.28217,311.29675,225.22955],[0.0,0.0,0.0,8324.558,0.0,0.0,0.0,2387.9988,1329.1581,0.0,1552.1561,5332.541,0.0,6486.1377,0.0,3683.6265,438.5651,0.0,1349.8055,2083.6013,846.22253,2709.778,1694.722,2964.176,620.2942,1634.5206,4996.9126,4234.4814,639.74286,588.07837,863.7723,1437.4984,2030.8068,1767.0448,2063.7605,329.99545,588.68634,239.01045,510.89984,720.5648,284.38467,207.86243],[0.0,0.0,0.0,0.0,0.0,0.0,0.0,2329.818,1279.6302,0.0,1430.3496,4640.077,0.0,6254.518,0.0,3541.1584,417.2059,0.0,1308.7039,1974.9902,813.16315,2610.9316,1639.8068,2828.2876,583.0399,1545.2162,4821.312,4085.5874,614.61005,545.42926,813.56586,1402.2234,1801.9982,1704.2349,1961.4799,312.34286,541.6542,227.41273,482.33765,647.9569,255.41766,189.78915],[0.0,0.0,0.0,0.0,0.0,0.0,0.0,2223.4924,1215.1805,0.0,1355.8031,4473.2505,0.0,0.0,0.0,3195.8628,399.67136,0.0,1287.9059,1876.7308,774.2672,2498.8962,1512.3844,2726.9155,563.1496,1487.7733,4650.549,3763.097,551.7942,516.7605,780.4212,1329.613,1720.5068,1625.282,1888.6932,290.55215,492.04822,213.77559,454.75546,614.04156,238.79025,172.23999],[0.0,0.0,0.0,0.0,0.0,0.0,0.0,2184.8086,1194.2183,0.0,1287.7078,4291.5503,0.0,0.0,0.0,3070.287,380.95947,0.0,1219.5845,1846.4948,755.0621,2385.8726,1481.0682,2580.9016,515.629,1465.2013,0.0,3570.0386,533.2909,468.07922,759.71655,1311.4443,1655.7711,1564.5791,1808.83,276.96268,455.70288,188.7122,443.54605,582.00836,224.5503,154.4064],[0.0,0.0,0.0,0.0,0.0,0.0,0.0,2094.4695,1147.0675,0.0,1137.9735,0.0,0.0,0.0,0.0,2935.8135,348.86523,0.0,1180.8372,1685.084,700.70795,2273.797,1425.9548,2456.0325,484.70395,1366.6339,0.0,3441.8608,505.43802,404.18683,668.13007,1257.8871,1266.9855,1513.4452,1709.8248,254.40163,402.8838,178.96179,397.61743,509.5532,185.93384,135.72139],[0.0,0.0,0.0,0.0,0.0,0.0,0.0,1979.093,1094.7998,0.0,1076.511,0.0,0.0,0.0,0.0,2667.0984,329.71216,0.0,1151.5745,1616.1831,657.35333,2171.1594,1373.6238,2362.6094,467.8341,1312.605,0.0,0.0,473.9514,382.9922,643.11426,1199.5795,1206.2003,1385.1759,1648.0676,229.887,369.27112,166.1364,378.49136,480.03918,172.16946,121.82805],[0.0,0.0,0.0,0.0,0.0,0.0,0.0,1881.5767,1047.3743,0.0,1016.3453,0.0,0.0,0.0,0.0,0.0,309.1129,0.0,1123.2567,1539.4624,617.8027,2012.0789,1315.3059,2286.7537,442.96057,1258.158,0.0,0.0,443.52682,357.6755,613.8081,1158.8192,1141.5149,1291.5526,1574.7268,211.14809,220.08653,150.61638,353.6383,448.3047,161.1447,106.52762],[0.0,0.0,0.0,0.0,0.0,0.0,0.0,1844.7135,896.66174,0.0,955.1111,0.0,0.0,0.0,0.0,0.0,298.0466,0.0,1063.2091,1492.3265,604.49585,1950.2565,1270.873,0.0,372.3613,1224.0477,0.0,0.0,402.78555,330.44952,598.6675,1138.8186,1063.8029,1241.9113,1473.7302,203.50945,201.32704,136.96407,340.36734,412.87726,149.91283,95.34251],[0.0,0.0,0.0,0.0,0.0,0.0,0.0,1550.1384,862.0559,0.0,879.55884,0.0,0.0,0.0,0.0,0.0,283.20596,0.0,1052.948,1398.2253,549.0956,0.0,1199.8074,0.0,359.8805,1167.7928,0.0,0.0,385.2566,286.6139,550.64014,1073.2643,1005.775,1163.7997,1371.8093,116.11414,180.0483,123.55501,314.15863,389.2326,139.64671,83.58801],[0.0,0.0,0.0,0.0,0.0,0.0,0.0,0.0,730.9904,0.0,784.9264,0.0,0.0,0.0,0.0,0.0,253.50092,0.0,1046.7499,1152.6052,180.76295,0.0,1081.4523,0.0,354.478,1078.5829,0.0,0.0,372.93765,271.17554,467.2584,888.7459,954.62665,1095.7665,1332.5447,74.61042,172.31656,120.846176,237.78691,381.54807,132.49312,77.40984],[0.0,0.0,0.0,0.0,0.0,0.0,0.0,0.0,698.64606,0.0,751.4431,0.0,0.0,0.0,0.0,0.0,239.0868,0.0,1029.8596,1094.3834,169.97545,0.0,1001.3584,0.0,306.84592,890.17334,0.0,0.0,359.67776,245.35991,431.21957,858.8848,922.42725,1052.605,0.0,68.80965,167.29298,89.25201,224.71301,290.67252,116.15584,72.50183],[0.0,0.0,0.0,0.0,0.0,0.0,0.0,0.0,584.43274,0.0,681.7011,0.0,0.0,0.0,0.0,0.0,201.95544,0.0,1025.5634,0.0,127.9271,0.0,855.41565,0.0,305.30737,805.7935,0.0,0.0,345.39322,224.54526,305.40045,746.6742,831.8622,1017.83765,0.0,65.28364,