{
  "results": [
    {
      "command": "output/approportionment-1110 config/stv-profiling.dhall",
      "mean": 37.66331419964,
      "stddev": 3.420044010014583,
      "median": 36.30665372374,
      "user": 33.51109346,
      "system": 1.664094,
      "min": 35.93808809974,
      "max": 47.10676907874,
      "times": [
        38.758989730740005,
        36.12731162674,
        36.29494138674,
        36.965348738740005,
        47.10676907874,
        36.197934029740004,
        36.04052027374,
        35.93808809974,
        36.884872970740005,
        36.318366060740004
      ],
      "exit_codes": [
        0,
        0,
        0,
        0,
        0,
        0,
        0,
        0,
        0,
        0
      ]
    }
  ]
}
