{
  "results": [
    {
      "command": "output/approportionment-1011 config/stv-profiling.dhall",
      "mean": 57.544325311419996,
      "stddev": 21.993765221484644,
      "median": 47.07348948552,
      "user": 29.54256204,
      "system": 1.34622052,
      "min": 46.74388538802,
      "max": 107.71198056802,
      "times": [
        49.85232731402,
        46.94166170002,
        89.08232450201999,
        46.78154434102,
        47.41509898202,
        46.76745134802,
        47.03449702902,
        46.74388538802,
        107.71198056802,
        47.11248194202
      ],
      "exit_codes": [
        0,
        0,
        0,
        0,
        0,
        0,
        0,
        0,
        0,
        0
      ]
    }
  ]
}
