{
  "results": [
    {
      "command": "output/approportionment-0111 config/stv-profiling.dhall",
      "mean": 139.66706569090002,
      "stddev": 15.340885126429887,
      "median": 135.76953410229999,
      "user": 68.9519423,
      "system": 68.47596608,
      "min": 126.47339041180001,
      "max": 180.8467268448,
      "times": [
        180.8467268448,
        133.6927329718,
        143.3495143398,
        137.9489983508,
        140.50366552580002,
        137.7888380658,
        133.7502301388,
        128.7080792738,
        126.47339041180001,
        133.6084809858
      ],
      "exit_codes": [
        0,
        0,
        0,
        0,
        0,
        0,
        0,
        0,
        0,
        0
      ]
    }
  ]
}
