{
  "results": [
    {
      "command": "output/approportionment-0110 config/stv-profiling.dhall",
      "mean": 97.38609531344,
      "stddev": 22.397564578326143,
      "median": 87.11097747214001,
      "user": 49.32971541999999,
      "system": 34.32236364,
      "min": 84.59577274864,
      "max": 145.58846701264002,
      "times": [
        145.58846701264002,
        86.40812255464,
        89.39839666864,
        133.33789398164,
        86.03207221964,
        84.59577274864,
        87.55972413264,
        87.62547434764,
        86.65279865664,
        86.66223081164
      ],
      "exit_codes": [
        0,
        0,
        0,
        0,
        0,
        0,
        0,
        0,
        0,
        0
      ]
    }
  ]
}
