{
  "results": [
    {
      "command": "output/approportionment-0010 config/stv-profiling.dhall",
      "mean": 84.29315203339999,
      "stddev": 8.509814101012688,
      "median": 81.80988144850001,
      "user": 31.89234788,
      "system": 0.6355912399999999,
      "min": 80.3453053955,
      "max": 108.4647143695,
      "times": [
        108.4647143695,
        82.2772024775,
        81.4130452805,
        81.48377449350001,
        81.86480790750001,
        82.0845270155,
        81.3395752375,
        81.7549549895,
        81.9036131675,
        80.3453053955
      ],
      "exit_codes": [
        0,
        0,
        0,
        0,
        0,
        0,
        0,
        0,
        0,
        0
      ]
    }
  ]
}
