{
  "results": [
    {
      "command": "output/approportionment-1100 config/stv-profiling.dhall",
      "mean": 77.05251733195999,
      "stddev": 5.140001496848813,
      "median": 74.92937749656,
      "user": 27.75285188,
      "system": 1.4014841400000002,
      "min": 74.16557060455999,
      "max": 91.10820027756,
      "times": [
        77.17075169355999,
        74.46026893455999,
        74.99368636455999,
        74.54911636455999,
        74.86506862856,
        78.70618808156,
        91.10820027756,
        74.16557060455999,
        74.68509531056,
        75.82122705956
      ],
      "exit_codes": [
        0,
        0,
        0,
        0,
        0,
        0,
        0,
        0,
        0,
        0
      ]
    }
  ]
}
