{
  "results": [
    {
      "command": "output/approportionment-1101 config/stv-profiling.dhall",
      "mean": 79.24488541541999,
      "stddev": 1.930542532905738,
      "median": 79.10308899191999,
      "user": 30.748652739999994,
      "system": 1.4343457799999997,
      "min": 76.75192755842,
      "max": 82.16624592442,
      "times": [
        82.13529687842,
        77.60413150741999,
        76.75192755842,
        78.98986024141999,
        79.21631774241999,
        76.79576097542,
        82.16624592442,
        79.49138408441999,
        78.84403411042,
        80.45389513142
      ],
      "exit_codes": [
        0,
        0,
        0,
        0,
        0,
        0,
        0,
        0,
        0,
        0
      ]
    }
  ]
}
