{
  "results": [
    {
      "command": "output/approportionment-1111 config/stv-profiling.dhall",
      "mean": 80.37554854098002,
      "stddev": 3.47147655044435,
      "median": 79.12893709368,
      "user": 30.986238219999997,
      "system": 1.40964198,
      "min": 77.74315740068,
      "max": 89.34375516368,
      "times": [
        89.34375516368,
        78.01714338268,
        78.75809442068,
        79.46081809868,
        77.74315740068,
        82.76919547568001,
        78.59371173168,
        78.79705608868,
        80.67318413468,
        79.59936951268
      ],
      "exit_codes": [
        0,
        0,
        0,
        0,
        0,
        0,
        0,
        0,
        0,
        0
      ]
    }
  ]
}
