{
  "results": [
    {
      "command": "output/approportionment-0011 config/stv-profiling.dhall",
      "mean": 84.68771711208001,
      "stddev": 20.83356485102853,
      "median": 74.06619895557999,
      "user": 48.2497505,
      "system": 32.05528378,
      "min": 69.21389074458,
      "max": 130.91059978158,
      "times": [
        130.91059978158,
        72.27443262157999,
        69.21389074458,
        73.74682669158,
        92.92972642558,
        73.98729697958,
        74.43310543758,
        74.14510093157999,
        111.74967415158,
        73.48651735557999
      ],
      "exit_codes": [
        0,
        0,
        0,
        0,
        0,
        0,
        0,
        0,
        0,
        0
      ]
    }
  ]
}
