{
  "results": [
    {
      "command": "output/approportionment-0100 config/stv-profiling.dhall",
      "mean": 112.39775770100002,
      "stddev": 3.040393276062276,
      "median": 111.3068836902,
      "user": 53.64244895999999,
      "system": 40.76601848,
      "min": 110.5275583792,
      "max": 120.7547470002,
      "times": [
        120.7547470002,
        110.9828992982,
        113.0540927062,
        112.3471537462,
        110.5275583792,
        111.51591289619999,
        110.7036154682,
        111.0156560062,
        111.9780870252,
        111.0978544842
      ],
      "exit_codes": [
        0,
        0,
        0,
        0,
        0,
        0,
        0,
        0,
        0,
        0
      ]
    }
  ]
}
