{
  "results": [
    {
      "command": "output/approportionment-0001 config/stv-profiling.dhall",
      "mean": 116.24144026198,
      "stddev": 11.918049033484161,
      "median": 112.34969339778,
      "user": 52.847560699999995,
      "system": 40.3566438,
      "min": 109.51751502828,
      "max": 149.00954269728,
      "times": [
        115.24461126128,
        109.67715557628,
        119.85295562428,
        112.53647412428,
        109.51751502828,
        149.00954269728,
        112.16291267128,
        111.00339080328,
        110.41758590728,
        112.99225892628
      ],
      "exit_codes": [
        0,
        0,
        0,
        0,
        0,
        0,
        0,
        0,
        0,
        0
      ]
    }
  ]
}
