{
  "results": [
    {
      "command": "output/approportionment-1001 config/stv-profiling.dhall",
      "mean": 61.224317809679995,
      "stddev": 5.774768741727446,
      "median": 58.462262941380004,
      "user": 29.663293059999994,
      "system": 1.28106514,
      "min": 58.01223716338,
      "max": 75.81842776738,
      "times": [
        61.76493565938,
        58.424855934380005,
        58.707772299380004,
        58.49966994838,
        58.216084187380005,
        58.246061198380005,
        58.10486597538,
        58.01223716338,
        75.81842776738,
        66.44826796337999
      ],
      "exit_codes": [
        0,
        0,
        0,
        0,
        0,
        0,
        0,
        0,
        0,
        0
      ]
    }
  ]
}
