{
  "results": [
    {
      "command": "output/approportionment-1101 config/stv-profiling.dhall",
      "mean": 75.20802559606,
      "stddev": 19.84279877024647,
      "median": 64.56751904596,
      "user": 29.78211336,
      "system": 1.2798916799999998,
      "min": 64.33267293746,
      "max": 115.37704168446,
      "times": [
        109.66494188845999,
        64.54559831846,
        64.50112563446,
        64.33267293746,
        115.37704168446,
        64.57816736646,
        64.47652402845999,
        64.55687072546,
        69.37511915846,
        70.67219421845999
      ],
      "exit_codes": [
        0,
        0,
        0,
        0,
        0,
        0,
        0,
        0,
        0,
        0
      ]
    }
  ]
}
