{
  "results": [
    {
      "command": "output/approportionment-0010 config/stv-profiling.dhall",
      "mean": 84.10810393842003,
      "stddev": 15.42898952107198,
      "median": 76.92650066972,
      "user": 26.742689279999997,
      "system": 0.4124732,
      "min": 75.00968805622,
      "max": 120.63542057322,
      "times": [
        120.63542057322,
        75.00968805622,
        75.31268081822,
        76.63394163322,
        82.35977131622,
        76.88000762822,
        76.66671661322,
        77.00363192122,
        103.60618711322,
        76.97299371122
      ],
      "exit_codes": [
        0,
        0,
        0,
        0,
        0,
        0,
        0,
        0,
        0,
        0
      ]
    }
  ]
}
