{
  "results": [
    {
      "command": "output/approportionment-0101 config/stv-profiling.dhall",
      "mean": 129.1321352449,
      "stddev": 8.387176245792118,
      "median": 126.2350261263,
      "user": 70.13448931999999,
      "system": 84.21336097999999,
      "min": 124.04954462879999,
      "max": 150.35344202480002,
      "times": [
        150.35344202480002,
        125.2951203358,
        137.21004574580002,
        126.6058387498,
        125.9133122088,
        124.2630120728,
        126.55674004379999,
        126.9546707168,
        124.1196259218,
        124.04954462879999
      ],
      "exit_codes": [
        0,
        0,
        0,
        0,
        0,
        0,
        0,
        0,
        0,
        0
      ]
    }
  ]
}
