{
  "results": [
    {
      "command": "output/approportionment-0000 config/stv-profiling.dhall",
      "mean": 68.48394480554,
      "stddev": 16.16476476976899,
      "median": 62.645006215639995,
      "user": 24.901329679999996,
      "system": 0.51416564,
      "min": 61.418121521139994,
      "max": 113.69775423614,
      "times": [
        113.69775423614,
        61.461446198139996,
        61.418121521139994,
        62.400624843139994,
        63.90917671314,
        62.02397399613999,
        62.98460626414,
        62.75336258214,
        62.53664984914,
        71.65373185214
      ],
      "exit_codes": [
        0,
        0,
        0,
        0,
        0,
        0,
        0,
        0,
        0,
        0
      ]
    }
  ]
}
