{
  "results": [
    {
      "command": "output/approportionment-1010 config/stv-profiling.dhall",
      "mean": 74.62203286498,
      "stddev": 19.73088529354541,
      "median": 63.63765876258,
      "user": 27.831451559999998,
      "system": 1.2733748599999997,
      "min": 63.396238357079994,
      "max": 118.16083644708,
      "times": [
        103.78424767808,
        63.48606530508,
        63.53425538208,
        63.60891651408,
        118.16083644708,
        63.66640101108,
        63.396238357079994,
        63.55961681508,
        72.43476992008,
        70.58898122008
      ],
      "exit_codes": [
        0,
        0,
        0,
        0,
        0,
        0,
        0,
        0,
        0,
        0
      ]
    }
  ]
}
