{
  "results": [
    {
      "command": "output/approportionment-1000 config/stv-profiling.dhall",
      "mean": 54.919908417319995,
      "stddev": 21.788743640466187,
      "median": 44.85656107752,
      "user": 27.839598079999995,
      "system": 1.2269492400000002,
      "min": 44.72920998052,
      "max": 105.88279629552001,
      "times": [
        105.88279629552001,
        44.850764309519995,
        45.21290593552,
        44.75855914252,
        44.72920998052,
        44.862357845519995,
        84.36726029452001,
        44.894914281519995,
        44.81777988252,
        44.822536205519995
      ],
      "exit_codes": [
        0,
        0,
        0,
        0,
        0,
        0,
        0,
        0,
        0,
        0
      ]
    }
  ]
}
