{
  "results": [
    {
      "command": "output/approportionment-1000 config/stv-profiling.dhall",
      "mean": 59.505446662539995,
      "stddev": 24.89877025644928,
      "median": 46.64155772874,
      "user": 28.706556919999997,
      "system": 1.4017079799999999,
      "min": 46.14561249224,
      "max": 110.25822548324,
      "times": [
        57.399349247239996,
        46.80626285724,
        46.47685260024,
        102.05608002123999,
        46.39140699724,
        46.14561249224,
        46.97833656524,
        46.320493773239996,
        46.22184658824,
        110.25822548324
      ],
      "exit_codes": [
        0,
        0,
        0,
        0,
        0,
        0,
        0,
        0,
        0,
        0
      ]
    }
  ]
}
