{
  "results": [
    {
      "command": "output/approportionment-0000 config/stv-profiling.dhall",
      "mean": 63.38371363678001,
      "stddev": 7.9601253053294165,
      "median": 60.072533009080004,
      "user": 29.830186559999998,
      "system": 0.57481448,
      "min": 59.29680164458,
      "max": 84.49548537358,
      "times": [
        84.49548537358,
        59.94735745658,
        60.57189661858,
        59.75489683758,
        59.29680164458,
        69.08180112158,
        59.67356594758,
        60.19770856158,
        59.73973872858,
        61.07788407758
      ],
      "exit_codes": [
        0,
        0,
        0,
        0,
        0,
        0,
        0,
        0,
        0,
        0
      ]
    }
  ]
}
