{
  "results": [
    {
      "command": "output/approportionment-1110 config/stv-profiling.dhall",
      "mean": 83.89920645574,
      "stddev": 15.837073259112312,
      "median": 76.11525039234002,
      "user": 26.854079119999994,
      "system": 1.3541581200000004,
      "min": 75.12495921884,
      "max": 118.85101239784001,
      "times": [
        118.85101239784001,
        76.58111717084,
        76.30456081384001,
        75.50354121384001,
        81.46118487584,
        75.74519257884,
        75.92593997084,
        75.65705978484,
        107.83749653184,
        75.12495921884
      ],
      "exit_codes": [
        0,
        0,
        0,
        0,
        0,
        0,
        0,
        0,
        0,
        0
      ]
    }
  ]
}
