{
  "results": [
    {
      "command": "output/approportionment-0001 config/stv-profiling.dhall",
      "mean": 111.63197852620002,
      "stddev": 15.87892823028271,
      "median": 104.6193798932,
      "user": 47.05145412,
      "system": 30.175622639999993,
      "min": 100.3800329917,
      "max": 149.6894815397,
      "times": [
        149.6894815397,
        105.7854020367,
        102.50019385670001,
        103.9650842867,
        105.2736754997,
        100.3800329917,
        120.32997943970001,
        101.7074862947,
        101.1481623917,
        125.5402869247
      ],
      "exit_codes": [
        0,
        0,
        0,
        0,
        0,
        0,
        0,
        0,
        0,
        0
      ]
    }
  ]
}
