{
  "results": [
    {
      "command": "output/approportionment-0101 config/stv-profiling.dhall",
      "mean": 139.38843330452002,
      "stddev": 21.625598700660234,
      "median": 129.46516700062,
      "user": 70.05707364,
      "system": 69.86045442,
      "min": 124.04315797811999,
      "max": 180.22454449112,
      "times": [
        180.22454449112,
        127.03933251712,
        179.17648935912,
        124.04315797811999,
        136.48217121812,
        127.21271018712,
        126.45108282212,
        131.71762381412,
        126.36237150412,
        135.17484915412
      ],
      "exit_codes": [
        0,
        0,
        0,
        0,
        0,
        0,
        0,
        0,
        0,
        0
      ]
    }
  ]
}
