{
  "results": [
    {
      "command": "output/approportionment-0011 config/stv-profiling.dhall",
      "mean": 93.53746153808001,
      "stddev": 26.075294086203694,
      "median": 81.13319913508,
      "user": 53.03777095999999,
      "system": 38.56732233999999,
      "min": 77.62583977958,
      "max": 151.63235985658,
      "times": [
        131.94098849058,
        80.98858468058,
        80.53382129358,
        90.48611712358,
        81.01943892358001,
        78.64653263358001,
        77.62583977958,
        151.63235985658,
        81.24695934658,
        81.25397325258001
      ],
      "exit_codes": [
        0,
        0,
        0,
        0,
        0,
        0,
        0,
        0,
        0,
        0
      ]
    }
  ]
}
