{
  "results": [
    {
      "command": "output/approportionment-1010 config/stv-profiling.dhall",
      "mean": 42.67074997182,
      "stddev": 4.857952795717267,
      "median": 40.53383858182,
      "user": 36.67722282,
      "system": 1.8933118399999997,
      "min": 39.83864686132,
      "max": 55.79089126932,
      "times": [
        44.34649715632,
        39.83864686132,
        40.083859764319996,
        43.33917578332,
        55.79089126932,
        41.88663641032,
        39.96204464732,
        40.44889339032,
        40.61878377332,
        40.39207066232
      ],
      "exit_codes": [
        0,
        0,
        0,
        0,
        0,
        0,
        0,
        0,
        0,
        0
      ]
    }
  ]
}
