{
  "results": [
    {
      "command": "output/approportionment-1011 config/stv-profiling.dhall",
      "mean": 75.50550988708,
      "stddev": 20.840757769300307,
      "median": 64.27763690108,
      "user": 28.828966559999998,
      "system": 1.3172018399999998,
      "min": 63.90040905358,
      "max": 116.72344950557999,
      "times": [
        112.65515913658,
        64.04591702358,
        64.09972017558,
        63.90040905358,
        116.72344950557999,
        64.14527646658,
        64.00605504558,
        64.40999733558,
        70.30706784858,
        70.76204727958
      ],
      "exit_codes": [
        0,
        0,
        0,
        0,
        0,
        0,
        0,
        0,
        0,
        0
      ]
    }
  ]
}
