{
  "results": [
    {
      "command": "output/approportionment-0100 config/stv-profiling.dhall",
      "mean": 110.75999699848,
      "stddev": 16.567432809706407,
      "median": 99.93821730938001,
      "user": 44.97787261999999,
      "system": 24.297755759999998,
      "min": 97.74650602288,
      "max": 140.35289181688,
      "times": [
        140.35289181688,
        98.86825183788001,
        97.74650602288,
        112.58735368388,
        100.01119161188001,
        99.86524300688001,
        134.62067952988,
        98.71504216088,
        99.64255888888,
        125.19025142488
      ],
      "exit_codes": [
        0,
        0,
        0,
        0,
        0,
        0,
        0,
        0,
        0,
        0
      ]
    }
  ]
}
