{
  "results": [
    {
      "command": "output/approportionment-1111 config/stv-profiling.dhall",
      "mean": 83.48556483302,
      "stddev": 11.706380994483311,
      "median": 78.35142201692,
      "user": 30.253081779999995,
      "system": 1.34228408,
      "min": 77.26132332392,
      "max": 111.96336746192,
      "times": [
        111.96336746192,
        79.45758291192,
        78.33069910991999,
        78.37214492391999,
        78.11732670891999,
        78.80379661191999,
        77.80780530692,
        77.33288712292,
        97.40871484792,
        77.26132332392
      ],
      "exit_codes": [
        0,
        0,
        0,
        0,
        0,
        0,
        0,
        0,
        0,
        0
      ]
    }
  ]
}
