{
  "results": [
    {
      "command": "output/approportionment-1001 config/stv-profiling.dhall",
      "mean": 83.94124805239998,
      "stddev": 13.60196459194311,
      "median": 78.24775183279999,
      "user": 29.06256088,
      "system": 1.30970832,
      "min": 76.2704615288,
      "max": 117.8484961908,
      "times": [
        117.8484961908,
        76.2704615288,
        77.1857760138,
        77.3530703828,
        78.7254546148,
        78.7668650538,
        78.1545951208,
        78.2902636578,
        98.6122579528,
        78.2052400078
      ],
      "exit_codes": [
        0,
        0,
        0,
        0,
        0,
        0,
        0,
        0,
        0,
        0
      ]
    }
  ]
}
