{
  "results": [
    {
      "command": "output/approportionment-0110 config/stv-profiling.dhall",
      "mean": 79.21409493077999,
      "stddev": 3.1253414838145024,
      "median": 78.12278026518001,
      "user": 59.13412139999999,
      "system": 50.17554219999999,
      "min": 76.72660506818,
      "max": 87.54838598418,
      "times": [
        87.54838598418,
        78.21075358518,
        78.94036898118,
        79.98337611518001,
        76.72660506818,
        77.59274978018,
        77.28694322318,
        80.06351506918,
        78.03480694518001,
        77.75344455618
      ],
      "exit_codes": [
        0,
        0,
        0,
        0,
        0,
        0,
        0,
        0,
        0,
        0
      ]
    }
  ]
}
