{
  "results": [
    {
      "command": "output/approportionment-1100 config/stv-profiling.dhall",
      "mean": 64.37016489444001,
      "stddev": 18.945272022037393,
      "median": 55.76468287984,
      "user": 26.35144902,
      "system": 1.3354345799999998,
      "min": 54.98362787584,
      "max": 110.66739325484,
      "times": [
        110.66739325484,
        55.436322466840004,
        55.690958776840006,
        54.98362787584,
        55.739866716840005,
        86.66116970184,
        55.759152172840004,
        55.77021358684,
        56.777256387840005,
        56.21568800384
      ],
      "exit_codes": [
        0,
        0,
        0,
        0,
        0,
        0,
        0,
        0,
        0,
        0
      ]
    }
  ]
}
