{
  "results": [
    {
      "command": "output/approportionment-0111 config/stv-profiling.dhall",
      "mean": 148.84309148030002,
      "stddev": 8.665119304248913,
      "median": 146.418990303,
      "user": 85.20403374,
      "system": 101.28025197999999,
      "min": 142.83009562200002,
      "max": 172.359137946,
      "times": [
        147.803216969,
        143.13921106100003,
        142.83009562200002,
        144.43660218800002,
        172.359137946,
        145.483244829,
        151.05926191400002,
        144.95439598700003,
        149.01101251,
        147.354735777
      ],
      "exit_codes": [
        0,
        0,
        0,
        0,
        0,
        0,
        0,
        0,
        0,
        0
      ]
    }
  ]
}
