{
  "results": [
    {
      "command": "output/approportionment-0011 config/stv-profiling.dhall",
      "mean": 401.99782058688004,
      "stddev": 14.522931844397174,
      "median": 405.32049576258,
      "user": 241.06129259999997,
      "system": 373.98396366,
      "min": 368.63685444458,
      "max": 418.70888662458003,
      "times": [
        405.28047049458,
        411.92910264158,
        395.36089632258,
        389.09309946358,
        410.77930463658004,
        368.63685444458,
        411.82676814458,
        418.70888662458003,
        403.00230206558,
        405.36052103058
      ],
      "exit_codes": [
        0,
        0,
        0,
        0,
        0,
        0,
        0,
        0,
        0,
        0
      ]
    }
  ]
}
