{
  "results": [
    {
      "command": "output/approportionment-0101 config/stv-profiling.dhall",
      "mean": 830.1255863971601,
      "stddev": 10.254872047390245,
      "median": 831.81763175046,
      "user": 514.2190283399998,
      "system": 918.8009637399998,
      "min": 808.74123312996,
      "max": 841.30598450796,
      "times": [
        841.30598450796,
        838.34687021796,
        829.16750497996,
        830.11668766096,
        834.40773396896,
        808.74123312996,
        827.93916068396,
        833.51857583996,
        840.2096726109601,
        817.50244037096
      ],
      "exit_codes": [
        0,
        0,
        0,
        0,
        0,
        0,
        0,
        0,
        0,
        0
      ]
    }
  ]
}
