{
  "results": [
    {
      "command": "output/approportionment-1010 config/stv-profiling.dhall",
      "mean": 240.04688516133996,
      "stddev": 8.099403920554508,
      "median": 236.05765763514,
      "user": 230.50379759999996,
      "system": 2.0475107799999996,
      "min": 233.53947999214,
      "max": 255.34413596614,
      "times": [
        239.22080533814,
        235.42994101814,
        244.08554293214,
        234.65691513614,
        233.53947999214,
        255.34413596614,
        234.15108382814,
        236.68537425214,
        253.01220291814,
        234.34337023214
      ],
      "exit_codes": [
        0,
        0,
        0,
        0,
        0,
        0,
        0,
        0,
        0,
        0
      ]
    }
  ]
}
