{
  "results": [
    {
      "command": "output/approportionment-1101 config/stv-profiling.dhall",
      "mean": 117.58552177388,
      "stddev": 7.299771851397355,
      "median": 114.41482627718,
      "user": 70.22643806,
      "system": 2.4645461400000004,
      "min": 112.03014414968,
      "max": 132.96968119268,
      "times": [
        115.88605289768,
        113.68482612268,
        129.28602800068,
        116.28681782167999,
        113.58390472768,
        115.06746897768,
        113.29811027168,
        112.03014414968,
        113.76218357668,
        132.96968119268
      ],
      "exit_codes": [
        0,
        0,
        0,
        0,
        0,
        0,
        0,
        0,
        0,
        0
      ]
    }
  ]
}
