{
  "results": [
    {
      "command": "output/approportionment-1011 config/stv-profiling.dhall",
      "mean": 344.7142716469999,
      "stddev": 11.545293863725728,
      "median": 344.3091736384,
      "user": 386.63187611999996,
      "system": 7.1646361,
      "min": 331.2629791879,
      "max": 370.8955432289,
      "times": [
        370.8955432289,
        350.5107491899,
        349.8684411669,
        331.7878595779,
        331.2629791879,
        347.2491876299,
        335.7678803879,
        341.1817288239,
        342.4760730389,
        346.1422742379
      ],
      "exit_codes": [
        0,
        0,
        0,
        0,
        0,
        0,
        0,
        0,
        0,
        0
      ]
    }
  ]
}
