{
  "results": [
    {
      "command": "output/approportionment-0101 config/stv-profiling.dhall",
      "mean": 928.8728404036399,
      "stddev": 12.97504039536181,
      "median": 926.6480603429401,
      "user": 593.91655652,
      "system": 1017.1679574399999,
      "min": 906.23995084644,
      "max": 956.6650751824401,
      "times": [
        925.9515851954401,
        932.2190275684401,
        956.6650751824401,
        921.61820157744,
        927.3445354904401,
        935.42034783344,
        923.30635461244,
        936.28635407844,
        906.23995084644,
        923.67697165144
      ],
      "exit_codes": [
        0,
        0,
        0,
        0,
        0,
        0,
        0,
        0,
        0,
        0
      ]
    }
  ]
}
