{
  "results": [
    {
      "command": "output/approportionment-0001 config/stv-profiling.dhall",
      "mean": 401.72191527114006,
      "stddev": 18.443208965496733,
      "median": 397.06549485834,
      "user": 284.48700535999996,
      "system": 385.46276954,
      "min": 383.17772472334,
      "max": 440.64454445134004,
      "times": [
        384.32220123134005,
        392.92086532334,
        407.99150643734004,
        388.54971198634,
        396.92674319334003,
        400.02759351334004,
        397.20424652334003,
        383.17772472334,
        440.64454445134004,
        425.45401532834
      ],
      "exit_codes": [
        0,
        0,
        0,
        0,
        0,
        0,
        0,
        0,
        0,
        0
      ]
    }
  ]
}
