{
  "results": [
    {
      "command": "output/approportionment-0100 config/stv-profiling.dhall",
      "mean": 314.11344245960004,
      "stddev": 22.430620315412543,
      "median": 311.7284042834,
      "user": 219.4334828,
      "system": 245.64455581999997,
      "min": 279.5593166049,
      "max": 339.4352229819,
      "times": [
        305.86482820189997,
        299.1045063509,
        287.0394130789,
        279.5593166049,
        336.10644359089997,
        337.5314418329,
        339.4352229819,
        302.6349107839,
        336.2663608049,
        317.5919803649
      ],
      "exit_codes": [
        0,
        0,
        0,
        0,
        0,
        0,
        0,
        0,
        0,
        0
      ]
    }
  ]
}
