{
  "results": [
    {
      "command": "output/approportionment-1001 config/stv-profiling.dhall",
      "mean": 337.14406263870006,
      "stddev": 11.82702636052725,
      "median": 339.6038146298,
      "user": 344.45086828,
      "system": 6.26042012,
      "min": 319.87351031180003,
      "max": 356.9145678708,
      "times": [
        346.0284549158,
        342.9082068948,
        329.9405690218,
        327.5067991138,
        341.6253883658,
        337.5822408938,
        356.9145678708,
        319.87351031180003,
        346.3393581728,
        322.7215308258
      ],
      "exit_codes": [
        0,
        0,
        0,
        0,
        0,
        0,
        0,
        0,
        0,
        0
      ]
    }
  ]
}
