{
  "results": [
    {
      "command": "output/approportionment-1100 config/stv-profiling.dhall",
      "mean": 334.7595334279,
      "stddev": 15.269344257688468,
      "median": 340.4303615044,
      "user": 348.29472357999987,
      "system": 6.002126,
      "min": 311.7118221769,
      "max": 349.08120848690004,
      "times": [
        311.7118221769,
        312.1923667879,
        346.4720768819,
        315.54840842790003,
        347.33529476890004,
        349.08120848690004,
        339.6056696799,
        340.53918800490004,
        340.3215350039,
        344.78776405990004
      ],
      "exit_codes": [
        0,
        0,
        0,
        0,
        0,
        0,
        0,
        0,
        0,
        0
      ]
    }
  ]
}
