{
  "results": [
    {
      "command": "output/approportionment-0000 config/stv-profiling.dhall",
      "mean": 96.50200908806002,
      "stddev": 5.569114014053539,
      "median": 94.55063026926001,
      "user": 44.72483174,
      "system": 0.42304402,
      "min": 93.97340193826001,
      "max": 112.13906784526,
      "times": [
        97.06465555226,
        94.41017197726,
        94.64007047026,
        112.13906784526,
        94.10736885526,
        94.66825146826001,
        95.43294553926,
        94.12296716626001,
        94.46119006826001,
        93.97340193826001
      ],
      "exit_codes": [
        0,
        0,
        0,
        0,
        0,
        0,
        0,
        0,
        0,
        0
      ]
    }
  ]
}
