{
  "results": [
    {
      "command": "output/approportionment-0010 config/stv-profiling.dhall",
      "mean": 193.92538456668,
      "stddev": 10.47366510609583,
      "median": 191.39905065927996,
      "user": 181.6044591,
      "system": 0.6836601599999999,
      "min": 182.43745439078,
      "max": 217.80111388877998,
      "times": [
        193.43438691877998,
        217.80111388877998,
        188.76348115878,
        183.73095516677998,
        197.81543037378,
        182.43745439078,
        201.66359838378,
        187.01712426978,
        189.36371439977998,
        197.22658671578
      ],
      "exit_codes": [
        0,
        0,
        0,
        0,
        0,
        0,
        0,
        0,
        0,
        0
      ]
    }
  ]
}
