{
  "results": [
    {
      "command": "output/approportionment-0000 config/stv-profiling.dhall",
      "mean": 210.78519627199998,
      "stddev": 6.946609647116893,
      "median": 208.5913429936,
      "user": 154.95770871999997,
      "system": 0.53442812,
      "min": 200.7387186071,
      "max": 223.2341642351,
      "times": [
        214.9392240131,
        206.0981651761,
        207.31872633909998,
        206.3976031581,
        200.7387186071,
        209.86395964809998,
        219.17687459709998,
        205.8276745801,
        223.2341642351,
        214.2568523661
      ],
      "exit_codes": [
        0,
        0,
        0,
        0,
        0,
        0,
        0,
        0,
        0,
        0
      ]
    }
  ]
}
