{
  "results": [
    {
      "command": "output/approportionment-1111 config/stv-profiling.dhall",
      "mean": 83.16513042833999,
      "stddev": 6.165483365542091,
      "median": 80.75963411763999,
      "user": 58.2930248,
      "system": 2.0671310599999995,
      "min": 79.90512398864,
      "max": 100.05789601564,
      "times": [
        83.54789668763999,
        80.91470887364,
        81.06872223564,
        80.60455936164,
        79.99917818264,
        80.42750009263999,
        79.90512398864,
        100.05789601564,
        84.98358267363999,
        80.14213617163999
      ],
      "exit_codes": [
        0,
        0,
        0,
        0,
        0,
        0,
        0,
        0,
        0,
        0
      ]
    }
  ]
}
