{
  "results": [
    {
      "command": "output/approportionment-1101 config/stv-profiling.dhall",
      "mean": 361.24472990608007,
      "stddev": 5.427139660733858,
      "median": 359.28605230618,
      "user": 422.3836173399999,
      "system": 13.263260739999998,
      "min": 356.68564821118,
      "max": 373.44332099318,
      "times": [
        365.72875252318,
        373.44332099318,
        360.21763860218,
        357.14390682418,
        357.04734982218,
        356.68564821118,
        357.82948352018,
        359.27142855318,
        365.77909395218,
        359.30067605918003
      ],
      "exit_codes": [
        0,
        0,
        0,
        0,
        0,
        0,
        0,
        0,
        0,
        0
      ]
    }
  ]
}
