{
  "results": [
    {
      "command": "output/approportionment-0111 config/stv-profiling.dhall",
      "mean": 826.24642465674,
      "stddev": 11.850917593826342,
      "median": 824.83562499694,
      "user": 570.5404916,
      "system": 854.0990541200001,
      "min": 806.84448491694,
      "max": 845.79935134894,
      "times": [
        824.71976247494,
        827.1949266349401,
        845.79935134894,
        833.9328610549401,
        820.2527961919401,
        821.14357933094,
        824.9514875189401,
        806.84448491694,
        815.28243167194,
        842.3425654229401
      ],
      "exit_codes": [
        0,
        0,
        0,
        0,
        0,
        0,
        0,
        0,
        0,
        0
      ]
    }
  ]
}
