{
  "results": [
    {
      "command": "output/approportionment-0000 config/stv-profiling.dhall",
      "mean": 306.90941740922,
      "stddev": 10.354294015805534,
      "median": 309.19117859101993,
      "user": 233.40385424000002,
      "system": 0.48198115999999996,
      "min": 282.23236531402,
      "max": 319.02658569901996,
      "times": [
        300.36281053301997,
        282.23236531402,
        306.35855072301996,
        306.31909418201997,
        312.55572601001995,
        319.02658569901996,
        314.34652501702,
        302.92632970702,
        312.02380645901997,
        312.94238044802
      ],
      "exit_codes": [
        0,
        0,
        0,
        0,
        0,
        0,
        0,
        0,
        0,
        0
      ]
    }
  ]
}
