{
  "results": [
    {
      "command": "output/approportionment-1110 config/stv-profiling.dhall",
      "mean": 361.1502283378,
      "stddev": 22.005731931696882,
      "median": 351.8312573154,
      "user": 363.91477748,
      "system": 6.40335958,
      "min": 336.9020184204,
      "max": 395.06297887140005,
      "times": [
        351.0290974974,
        352.63341713340003,
        346.20157155040005,
        336.9020184204,
        342.7588081664,
        347.63813831740003,
        358.8354517034,
        395.06297887140005,
        391.8719366664,
        388.5688650514
      ],
      "exit_codes": [
        0,
        0,
        0,
        0,
        0,
        0,
        0,
        0,
        0,
        0
      ]
    }
  ]
}
