{
  "results": [
    {
      "command": "output/approportionment-1001 config/stv-profiling.dhall",
      "mean": 103.16373228286,
      "stddev": 9.699137068985731,
      "median": 99.89762318465999,
      "user": 57.222737699999996,
      "system": 2.21089938,
      "min": 98.64902506116,
      "max": 130.54454567316,
      "times": [
        103.26574646915999,
        99.70853534416,
        99.82094075815999,
        98.64902506116,
        99.40526902516,
        99.97430561115999,
        100.19239424116,
        100.66299207816,
        99.41356856716,
        130.54454567316
      ],
      "exit_codes": [
        0,
        0,
        0,
        0,
        0,
        0,
        0,
        0,
        0,
        0
      ]
    }
  ]
}
