{
  "results": [
    {
      "command": "output/approportionment-1111 config/stv-profiling.dhall",
      "mean": 355.04029853056,
      "stddev": 9.10493932743049,
      "median": 356.49063522186,
      "user": 405.59411308,
      "system": 11.74838432,
      "min": 331.60639879985996,
      "max": 365.33104369686,
      "times": [
        361.89864558386,
        354.88684389686,
        358.15798850185996,
        365.33104369686,
        352.57636261986,
        353.35464873885996,
        359.60978302385996,
        356.12172575386,
        356.85954468986,
        331.60639879985996
      ],
      "exit_codes": [
        0,
        0,
        0,
        0,
        0,
        0,
        0,
        0,
        0,
        0
      ]
    }
  ]
}
