{
  "results": [
    {
      "command": "output/approportionment-1110 config/stv-profiling.dhall",
      "mean": 100.94962960213998,
      "stddev": 7.9581242066432845,
      "median": 96.69060941883998,
      "user": 51.69685387999999,
      "system": 2.0388445600000002,
      "min": 95.98634119584,
      "max": 117.93673675784,
      "times": [
        104.30765983884,
        96.73547051883999,
        96.64574831883999,
        96.16865213284,
        112.19457050983999,
        96.10900871483999,
        96.21778714784,
        117.93673675784,
        95.98634119584,
        97.19432088584
      ],
      "exit_codes": [
        0,
        0,
        0,
        0,
        0,
        0,
        0,
        0,
        0,
        0
      ]
    }
  ]
}
