{
  "results": [
    {
      "command": "output/approportionment-1010 config/stv-profiling.dhall",
      "mean": 99.73395368806001,
      "stddev": 11.219295477933393,
      "median": 93.67660802006,
      "user": 45.87374544000001,
      "system": 2.1685659999999998,
      "min": 92.09804330856001,
      "max": 120.88063223656,
      "times": [
        95.37845038056001,
        93.26820364556,
        105.73676010756,
        92.74452235756,
        92.09804330856001,
        92.26408091856001,
        94.08501239456001,
        92.61945868356001,
        118.26437284756001,
        120.88063223656
      ],
      "exit_codes": [
        0,
        0,
        0,
        0,
        0,
        0,
        0,
        0,
        0,
        0
      ]
    }
  ]
}
