{
  "results": [
    {
      "command": "output/approportionment-1010 config/stv-profiling.dhall",
      "mean": 185.8402972947,
      "stddev": 7.122860717363768,
      "median": 181.2022045725,
      "user": 162.53698177999996,
      "system": 2.1618548,
      "min": 180.0319946745,
      "max": 198.9250468205,
      "times": [
        188.2775996705,
        180.3466702735,
        193.3080625155,
        181.3878810405,
        198.9250468205,
        180.7518872715,
        181.0165281045,
        180.57508041650001,
        180.0319946745,
        193.7822221595
      ],
      "exit_codes": [
        0,
        0,
        0,
        0,
        0,
        0,
        0,
        0,
        0,
        0
      ]
    }
  ]
}
