{
  "results": [
    {
      "command": "output/approportionment-1100 config/stv-profiling.dhall",
      "mean": 109.11068842272,
      "stddev": 9.916466799005436,
      "median": 104.03887257132,
      "user": 59.22271362,
      "system": 2.23044284,
      "min": 102.55995952882,
      "max": 133.27483326682002,
      "times": [
        105.14492004281999,
        103.20926045982,
        103.19897596282,
        103.89774373882,
        116.22219712082,
        103.79640920282,
        133.27483326682002,
        115.62258349982,
        104.18000140382,
        102.55995952882
      ],
      "exit_codes": [
        0,
        0,
        0,
        0,
        0,
        0,
        0,
        0,
        0,
        0
      ]
    }
  ]
}
