{
  "results": [
    {
      "command": "output/approportionment-1101 config/stv-profiling.dhall",
      "mean": 424.54244626619993,
      "stddev": 7.886885084696458,
      "median": 421.53216334470005,
      "user": 521.68351908,
      "system": 18.281429879999997,
      "min": 419.1576262532,
      "max": 445.43152380920003,
      "times": [
        429.3857296502,
        420.9538306412,
        424.4310251772,
        421.1378958792,
        419.8685394242,
        421.7245926592,
        421.3397340302,
        445.43152380920003,
        419.1576262532,
        421.9939651382
      ],
      "exit_codes": [
        0,
        0,
        0,
        0,
        0,
        0,
        0,
        0,
        0,
        0
      ]
    }
  ]
}
