{
  "results": [
    {
      "command": "output/approportionment-1011 config/stv-profiling.dhall",
      "mean": 238.54554282268,
      "stddev": 2.8302085616584165,
      "median": 237.92488562557998,
      "user": 246.08690603999995,
      "system": 2.71953192,
      "min": 235.11062354908,
      "max": 244.07535125408,
      "times": [
        244.07535125408,
        237.73038704108,
        237.80699511708,
        238.59051101308,
        235.11062354908,
        236.99142882008,
        242.42305861708,
        239.32983909208,
        235.35445758908,
        238.04277613408
      ],
      "exit_codes": [
        0,
        0,
        0,
        0,
        0,
        0,
        0,
        0,
        0,
        0
      ]
    }
  ]
}
