{
  "results": [
    {
      "command": "output/approportionment-1110 config/stv-profiling.dhall",
      "mean": 264.70886204536,
      "stddev": 3.586994390077812,
      "median": 263.76085511736,
      "user": 281.2017529,
      "system": 2.4284999000000003,
      "min": 260.32049661985997,
      "max": 272.21859058885997,
      "times": [
        266.40685702486,
        263.21888052186,
        272.21859058885997,
        266.93200163886,
        263.08040365886,
        260.33286729286,
        267.10828809886,
        264.30282971286,
        263.16740529585996,
        260.32049661985997
      ],
      "exit_codes": [
        0,
        0,
        0,
        0,
        0,
        0,
        0,
        0,
        0,
        0
      ]
    }
  ]
}
