{
  "results": [
    {
      "command": "output/approportionment-0110 config/stv-profiling.dhall",
      "mean": 480.62700612838,
      "stddev": 7.497161675555203,
      "median": 479.62093484398,
      "user": 339.95964888,
      "system": 432.62014131999996,
      "min": 472.88424184998,
      "max": 494.84810851998003,
      "times": [
        479.82482792398,
        473.42265666598,
        487.98136706998,
        488.50558106298,
        479.41704176398,
        475.57514084298003,
        480.09052636098,
        494.84810851998003,
        472.88424184998,
        473.72056922298003
      ],
      "exit_codes": [
        0,
        0,
        0,
        0,
        0,
        0,
        0,
        0,
        0,
        0
      ]
    }
  ]
}
