{
  "results": [
    {
      "command": "output/approportionment-1011 config/stv-profiling.dhall",
      "mean": 81.68313954442,
      "stddev": 15.279010544730317,
      "median": 76.04604680691999,
      "user": 56.55414841999999,
      "system": 2.2885380799999995,
      "min": 68.34271458692,
      "max": 112.06911814591999,
      "times": [
        80.73119222691999,
        68.34271458692,
        91.39800734191999,
        68.77598402592,
        95.99166478692,
        68.56842796192,
        90.92062596192,
        68.67275901891999,
        112.06911814591999,
        71.36090138691999
      ],
      "exit_codes": [
        0,
        0,
        0,
        0,
        0,
        0,
        0,
        0,
        0,
        0
      ]
    }
  ]
}
