{
  "results": [
    {
      "command": "output/approportionment-0010 config/stv-profiling.dhall",
      "mean": 100.12653987344001,
      "stddev": 16.514524725659474,
      "median": 92.32307537594,
      "user": 52.4687869,
      "system": 0.81931694,
      "min": 88.17645839843999,
      "max": 130.79048740144,
      "times": [
        93.69167445344,
        90.64062162644,
        104.69191819344,
        88.17645839843999,
        89.29349127644,
        130.79048740144,
        90.95447629844,
        88.18709867244,
        129.34561461244,
        95.49355780143999
      ],
      "exit_codes": [
        0,
        0,
        0,
        0,
        0,
        0,
        0,
        0,
        0,
        0
      ]
    }
  ]
}
