{
  "results": [
    {
      "command": "output/approportionment-1001 config/stv-profiling.dhall",
      "mean": 95.60408124166,
      "stddev": 1.7091325000743647,
      "median": 95.41746747346,
      "user": 49.33452609999999,
      "system": 1.86885078,
      "min": 93.75507657096,
      "max": 98.66769292196,
      "times": [
        96.49921093496,
        93.77132489196,
        95.81791044296,
        93.75507657096,
        94.38961047296,
        98.66769292196,
        93.91874308296,
        95.01702450396,
        97.35860365696,
        96.84561493696
      ],
      "exit_codes": [
        0,
        0,
        0,
        0,
        0,
        0,
        0,
        0,
        0,
        0
      ]
    }
  ]
}
