{
  "results": [
    {
      "command": "output/approportionment-1011 config/stv-profiling.dhall",
      "mean": 61.79880477414,
      "stddev": 10.032956180641007,
      "median": 55.608521377639995,
      "user": 55.992941560000006,
      "system": 2.38858184,
      "min": 54.76643048064,
      "max": 82.38644222063999,
      "times": [
        67.02523551764,
        56.080354661639994,
        75.54797408163999,
        54.98795848364,
        55.13668809364,
        54.980333786639996,
        62.077829307639995,
        82.38644222063999,
        54.99880110764,
        54.76643048064
      ],
      "exit_codes": [
        0,
        0,
        0,
        0,
        0,
        0,
        0,
        0,
        0,
        0
      ]
    }
  ]
}
