{
  "results": [
    {
      "command": "output/approportionment-0111 config/stv-profiling.dhall",
      "mean": 661.92399878512,
      "stddev": 28.49562651464214,
      "median": 652.3814465279199,
      "user": 457.02461392000004,
      "system": 693.9138311,
      "min": 627.59962323542,
      "max": 698.55266281742,
      "times": [
        644.47218088342,
        698.55266281742,
        640.33225609942,
        656.95881973742,
        647.80407331842,
        628.61743627542,
        693.26684844942,
        627.59962323542,
        686.82071836342,
        694.8153686714201
      ],
      "exit_codes": [
        0,
        0,
        0,
        0,
        0,
        0,
        0,
        0,
        0,
        0
      ]
    }
  ]
}
