{
  "results": [
    {
      "command": "output/approportionment-0010 config/stv-profiling.dhall",
      "mean": 277.58025181518,
      "stddev": 21.372242686937735,
      "median": 271.17898510678003,
      "user": 234.56920568,
      "system": 0.4972671,
      "min": 251.90391851978,
      "max": 308.29704074378,
      "times": [
        264.99387251178,
        287.80808854578,
        251.90391851978,
        252.71810361478,
        304.14185050478,
        308.29704074378,
        301.61313307577996,
        261.96854042178,
        274.19823436278,
        268.15973585078
      ],
      "exit_codes": [
        0,
        0,
        0,
        0,
        0,
        0,
        0,
        0,
        0,
        0
      ]
    }
  ]
}
