{
  "results": [
    {
      "command": "output/approportionment-0000 config/stv-profiling.dhall",
      "mean": 52.43424123581999,
      "stddev": 6.878507356126905,
      "median": 48.79455003982,
      "user": 44.37570758,
      "system": 0.60268908,
      "min": 48.37401533432,
      "max": 66.38728531632,
      "times": [
        51.09227012032,
        48.797339859320005,
        64.19467558132,
        48.47299037332,
        48.37401533432,
        48.79176022032,
        48.46648632032,
        51.22334083732,
        66.38728531632,
        48.54224839532
      ],
      "exit_codes": [
        0,
        0,
        0,
        0,
        0,
        0,
        0,
        0,
        0,
        0
      ]
    }
  ]
}
