{
  "results": [
    {
      "command": "output/approportionment-1000 config/stv-profiling.dhall",
      "mean": 64.21034531164,
      "stddev": 13.669513468773735,
      "median": 58.09725048464,
      "user": 41.03843184,
      "system": 1.9814591999999998,
      "min": 56.42214498964,
      "max": 93.58399964364,
      "times": [
        59.69658227864,
        56.42214498964,
        56.46928282964,
        60.78699313264,
        93.58399964364,
        56.72968755664,
        56.58515658064,
        56.479122899640004,
        85.88566979264,
        59.464813412640005
      ],
      "exit_codes": [
        0,
        0,
        0,
        0,
        0,
        0,
        0,
        0,
        0,
        0
      ]
    }
  ]
}
