{
  "results": [
    {
      "command": "output/approportionment-1111 config/stv-profiling.dhall",
      "mean": 84.30297027444,
      "stddev": 11.68054899966515,
      "median": 79.02289011034,
      "user": 71.21131799999998,
      "system": 2.80322916,
      "min": 78.22312272984,
      "max": 110.13340652184,
      "times": [
        110.13340652184,
        79.78219425884001,
        79.21797036784,
        78.22312272984,
        102.18564518184,
        79.23658712484,
        78.23802785184,
        78.53101404184,
        78.65392481284,
        78.82780985284
      ],
      "exit_codes": [
        0,
        0,
        0,
        0,
        0,
        0,
        0,
        0,
        0,
        0
      ]
    }
  ]
}
