{
  "results": [
    {
      "command": "output/approportionment-0110 config/stv-profiling.dhall",
      "mean": 318.32497933482,
      "stddev": 26.725919982133174,
      "median": 306.79692120182006,
      "user": 234.50452667999997,
      "system": 258.60130742000007,
      "min": 297.66935995182,
      "max": 381.92607910282004,
      "times": [
        305.38181415482,
        308.21202824882005,
        302.60941730882,
        381.92607910282004,
        298.88121304882003,
        330.94063693382003,
        297.66935995182,
        343.50425926382,
        304.31984082682004,
        309.80514450782005
      ],
      "exit_codes": [
        0,
        0,
        0,
        0,
        0,
        0,
        0,
        0,
        0,
        0
      ]
    }
  ]
}
