{
  "results": [
    {
      "command": "output/approportionment-0100 config/stv-profiling.dhall",
      "mean": 427.7959689302,
      "stddev": 12.998887382738035,
      "median": 423.2254711998,
      "user": 298.0632092,
      "system": 415.93016143999995,
      "min": 415.7179419718,
      "max": 452.4090570748,
      "times": [
        420.7793632538,
        415.7179419718,
        447.94681388979996,
        416.4778768358,
        419.3288624288,
        431.3397550768,
        425.67157914579997,
        418.21824263279996,
        430.0701969918,
        452.4090570748
      ],
      "exit_codes": [
        0,
        0,
        0,
        0,
        0,
        0,
        0,
        0,
        0,
        0
      ]
    }
  ]
}
