{
  "results": [
    {
      "command": "output/approportionment-0001 config/stv-profiling.dhall",
      "mean": 391.55357534423996,
      "stddev": 9.9594864286686,
      "median": 387.64190697814,
      "user": 241.17427211999993,
      "system": 395.13085477999994,
      "min": 381.29239285013995,
      "max": 409.99091327414,
      "times": [
        409.99091327414,
        383.86062787813995,
        382.71105758313996,
        396.98907143813994,
        392.64397589014,
        406.41334817814,
        381.29239285013995,
        386.35055239414,
        388.31395075314,
        386.96986320314
      ],
      "exit_codes": [
        0,
        0,
        0,
        0,
        0,
        0,
        0,
        0,
        0,
        0
      ]
    }
  ]
}
