{
  "results": [
    {
      "command": "output/approportionment-0010 config/stv-profiling.dhall",
      "mean": 90.09270409522,
      "stddev": 5.559583961876828,
      "median": 87.49235407892,
      "user": 38.12241918,
      "system": 0.42874412,
      "min": 86.33571895592,
      "max": 102.88320740392001,
      "times": [
        102.88320740392001,
        87.41175701992,
        87.40671817292001,
        90.27333644592001,
        87.02490757192001,
        86.88027788892,
        86.33571895592,
        97.45217171192,
        87.68599464292001,
        87.57295113792
      ],
      "exit_codes": [
        0,
        0,
        0,
        0,
        0,
        0,
        0,
        0,
        0,
        0
      ]
    }
  ]
}
