{
  "results": [
    {
      "command": "output/approportionment-0011 config/stv-profiling.dhall",
      "mean": 446.56562453120006,
      "stddev": 16.971536338694428,
      "median": 449.57020161410003,
      "user": 308.01269346,
      "system": 462.74938876,
      "min": 418.8184035276,
      "max": 478.8979080636,
      "times": [
        454.0042793846,
        452.2638762716,
        435.3836448686,
        451.1156562706,
        448.02474695760003,
        444.7001679236,
        418.8184035276,
        478.8979080636,
        425.7191057316,
        456.72845631260003
      ],
      "exit_codes": [
        0,
        0,
        0,
        0,
        0,
        0,
        0,
        0,
        0,
        0
      ]
    }
  ]
}
