{
  "results": [
    {
      "command": "output/approportionment-1100 config/stv-profiling.dhall",
      "mean": 78.59395110858,
      "stddev": 4.821539183887035,
      "median": 77.01388630118001,
      "user": 51.99928713999999,
      "system": 2.0775901800000005,
      "min": 76.73027115968,
      "max": 92.28793622768,
      "times": [
        92.28793622768,
        77.60121011568,
        77.03946457468,
        76.98830802768,
        76.73027115968,
        77.29520649268001,
        76.90352081768,
        76.81779865068,
        76.74586250468,
        77.52993251468
      ],
      "exit_codes": [
        0,
        0,
        0,
        0,
        0,
        0,
        0,
        0,
        0,
        0
      ]
    }
  ]
}
