{
  "results": [
    {
      "command": "output/approportionment-1100 config/stv-profiling.dhall",
      "mean": 265.61062754494003,
      "stddev": 7.802049477545207,
      "median": 262.45757010564,
      "user": 278.29276954,
      "system": 2.7361958999999993,
      "min": 259.00163773614,
      "max": 282.48894837914,
      "times": [
        265.49784146014,
        259.00163773614,
        260.16860542814,
        282.48894837914,
        271.73116503514,
        259.81232358714,
        261.85243610914,
        259.27536640714,
        273.21524720514003,
        263.06270410214
      ],
      "exit_codes": [
        0,
        0,
        0,
        0,
        0,
        0,
        0,
        0,
        0,
        0
      ]
    }
  ]
}
