{
  "results": [
    {
      "command": "output/approportionment-1110 config/stv-profiling.dhall",
      "mean": 82.1603135454,
      "stddev": 12.814933518421787,
      "median": 76.8178438781,
      "user": 59.27984171999999,
      "system": 2.3897474,
      "min": 71.5623269846,
      "max": 108.7823953156,
      "times": [
        74.2729567676,
        98.4262067926,
        71.7139326026,
        108.7823953156,
        71.6207027176,
        82.2872744436,
        71.5623269846,
        75.8557154556,
        77.7799723006,
        89.3016520736
      ],
      "exit_codes": [
        0,
        0,
        0,
        0,
        0,
        0,
        0,
        0,
        0,
        0
      ]
    }
  ]
}
