{
  "results": [
    {
      "command": "output/approportionment-1000 config/stv-profiling.dhall",
      "mean": 81.63158789688,
      "stddev": 4.059491896451443,
      "median": 79.58866966288001,
      "user": 47.51702104,
      "system": 2.03883902,
      "min": 79.10662730738001,
      "max": 91.91059336938001,
      "times": [
        82.97254425938,
        84.55052726138001,
        79.58653237638,
        80.84070959938,
        79.18308499538,
        79.10662730738001,
        79.59080694938001,
        91.91059336938001,
        79.24384245138,
        79.33061039938
      ],
      "exit_codes": [
        0,
        0,
        0,
        0,
        0,
        0,
        0,
        0,
        0,
        0
      ]
    }
  ]
}
