{
  "results": [
    {
      "command": "output/approportionment-1111 config/stv-profiling.dhall",
      "mean": 439.11579819510007,
      "stddev": 13.03850837776572,
      "median": 437.70784575510004,
      "user": 544.71906588,
      "system": 17.05627748,
      "min": 415.92025740910003,
      "max": 468.6866357261,
      "times": [
        441.3295015281,
        436.6308013481,
        445.2435419961,
        440.48861566010004,
        435.08472156410005,
        415.92025740910003,
        438.4720549511,
        432.3582152091,
        468.6866357261,
        436.9436365591
      ],
      "exit_codes": [
        0,
        0,
        0,
        0,
        0,
        0,
        0,
        0,
        0,
        0
      ]
    }
  ]
}
