{
  "results": [
    {
      "command": "output/approportionment-1000 config/stv-profiling.dhall",
      "mean": 210.42164289104002,
      "stddev": 9.740660819344875,
      "median": 206.84586721354,
      "user": 187.41625717999997,
      "system": 3.0660895600000004,
      "min": 201.16690145204,
      "max": 230.10457259604001,
      "times": [
        230.10457259604001,
        202.60793120304,
        203.87741830904,
        223.01495808204,
        217.47144701904,
        201.16690145204,
        206.16503756504,
        204.47756958304,
        207.52669686204,
        207.80389623904
      ],
      "exit_codes": [
        0,
        0,
        0,
        0,
        0,
        0,
        0,
        0,
        0,
        0
      ]
    }
  ]
}
