{
  "results": [
    {
      "command": "output/approportionment-1000 config/stv-profiling.dhall",
      "mean": 241.22533796336,
      "stddev": 10.320162826444152,
      "median": 235.73342061106,
      "user": 229.14102629999996,
      "system": 2.90504508,
      "min": 231.81913273356,
      "max": 262.02561393855996,
      "times": [
        262.02561393855996,
        235.27622107656,
        233.18747195856002,
        231.81913273356,
        251.73683670656,
        233.56419862656,
        249.19447460456,
        245.72408289256,
        236.19062014556002,
        233.53472695056
      ],
      "exit_codes": [
        0,
        0,
        0,
        0,
        0,
        0,
        0,
        0,
        0,
        0
      ]
    }
  ]
}
