{
  "results": [
    {
      "command": "output/approportionment-1010 config/stv-profiling.dhall",
      "mean": 76.66228611611999,
      "stddev": 6.7746896809504,
      "median": 72.70734244142,
      "user": 38.694626959999994,
      "system": 2.16214094,
      "min": 71.89464221442,
      "max": 91.99283325142,
      "times": [
        84.67021708742,
        72.69432959842,
        76.56316287242,
        72.72035528442,
        72.62676627542,
        72.30584576942,
        91.99283325142,
        78.91451267341999,
        71.89464221442,
        72.24019613441999
      ],
      "exit_codes": [
        0,
        0,
        0,
        0,
        0,
        0,
        0,
        0,
        0,
        0
      ]
    }
  ]
}
