{
  "results": [
    {
      "command": "output/approportionment-1001 config/stv-profiling.dhall",
      "mean": 197.93963440084002,
      "stddev": 7.289573342856556,
      "median": 196.32421061654003,
      "user": 238.03654156,
      "system": 4.54814236,
      "min": 190.44411226904,
      "max": 210.28153086904,
      "times": [
        203.38867671404,
        210.28153086904,
        191.55605718504,
        193.14048190804002,
        199.50793932504,
        190.84631544504,
        200.59198713004,
        190.44411226904,
        192.42424337504,
        207.21499978804002
      ],
      "exit_codes": [
        0,
        0,
        0,
        0,
        0,
        0,
        0,
        0,
        0,
        0
      ]
    }
  ]
}
