{
  "results": [
    {
      "command": "output/approportionment-1101 config/stv-profiling.dhall",
      "mean": 84.45664166204,
      "stddev": 8.682160736333406,
      "median": 80.06196500924,
      "user": 55.14847144,
      "system": 2.0082807,
      "min": 78.74820374324,
      "max": 104.50297851724001,
      "times": [
        81.34985342824,
        92.79279402124,
        80.90990924624,
        78.99788892524,
        79.21402077224,
        90.23516668524,
        78.88791942724,
        78.74820374324,
        78.92768185424,
        104.50297851724001
      ],
      "exit_codes": [
        0,
        0,
        0,
        0,
        0,
        0,
        0,
        0,
        0,
        0
      ]
    }
  ]
}
