{"choices":{"Ruby":21,"HTML/CSS":4,"OCaml":38,"LISP":30,"MATLAB":39,"C#":2,"Clojure":31,"Julia":25,"Assembly":32,"Crystal":35,"Bash/Shell":17,"PowerShell":23,"COBOL":41,"Swift":15,"Elixir":7,"APL":16,"C++":3,"Go":9,"Haskell":19,"Fortran":40,"Objective-C":36,"F#":8,"Scala":22,"Kotlin":13,"Solidity":33,"C":11,"VBA":24,"TypeScript":1,"JavaScript":5,"Python":14,"SQL":6,"Lua":10,"SAS":37,"Rust":0,"Java":12,"Delphi":18,"Erlang":20,"Groovy":28,"Dart":27,"Perl":29,"R":34,"PHP":26},"changes":[[0.0,1.0704155,0.72326964,0.45735395,1.1589689,1.4573987,1.1451252,0.09267778,0.06457059,0.53997105,0.06696642,0.27565667,0.6267721,0.37290475,1.2515528,0.21119475,0.022029975,0.5118162,0.0871849,0.067609206,0.030561471,0.14760947,0.08385411,0.21399999,0.044176806,0.06907008,0.36156693,0.24538353,0.043183412,0.032840434,0.03494409,0.064512156,0.09343743,0.085607156,0.12803128,0.01279726,0.03622966,0.014842481,0.013498479,0.043475587,0.013849088,0.011686997],[0.36021316,0.0,0.31345975,0.30662715,0.4015926,0.5080353,0.5101849,0.070096366,0.034894284,0.31107986,0.05197744,0.20651805,0.30724132,0.19308317,0.7058736,0.10418259,0.015892418,0.29250133,0.053090725,0.067371,0.0285986,0.08257162,0.056507356,0.08664047,0.023493094,0.06069177,0.15953434,0.112588994,0.022610188,0.023493094,0.032245435,0.048829533,0.076852195,0.03892514,0.07558548,0.009827231,0.018579526,0.0062955855,0.01600758,0.027638918,0.011324334,0.0069865645],[0.8807481,1.1820942,0.0,0.50752527,1.1502057,1.4833128,1.0721427,0.17601258,0.04094151,0.78980213,0.10809208,0.3503788,0.6605262,0.45599347,1.4777642,0.24846321,0.027485467,0.66900855,0.07595224,0.15171355,0.06096631,0.19680387,0.12703186,0.12186629,0.030291408,0.118996665,0.36326176,0.28832382,0.050507497,0.04253584,0.064473726,0.1034369,0.1341111,0.1349402,0.14469808,0.020789472,0.034500413,0.014922504,0.03583965,0.047573928,0.017728446,0.011542621],[1.0963084,1.8610115,0.98705304,0.0,1.7639424,2.2032685,1.7303253,0.23478091,0.12920475,1.0475637,0.119453594,0.2403287,0.8530892,0.62617433,1.862104,0.3326384,0.03555802,0.8141775,0.114493765,0.17930299,0.07826179,0.25781402,0.1670306,0.2985891,0.05144558,0.1314743,0.49439362,0.40981683,0.06691303,0.047410645,0.07120034,0.13727427,0.11138336,0.17484795,0.1794711,0.028496878,0.040937934,0.021687923,0.041778546,0.04270322,0.016560191,0.014710836],[0.4534433,0.43621278,0.32622075,0.2934513,0.0,0.4017911,0.43837643,0.08500117,0.04964083,0.39018607,0.050506208,0.1922319,0.29148436,0.2332232,0.6853864,0.12075361,0.015694432,0.2665434,0.046336662,0.081304,0.031939927,0.08059603,0.07033048,0.076072894,0.01671715,0.06384076,0.08295593,0.12830591,0.023443494,0.018605247,0.033041317,0.054675754,0.07379166,0.055501796,0.07052714,0.011092305,0.019942649,0.006136169,0.020729356,0.024190865,0.010816964,0.0067261853],[0.33300957,0.24512734,0.23416094,0.2077909,0.12950481,0.0,0.29340973,0.0635797,0.038414057,0.25390494,0.03676593,0.13815749,0.17834646,0.15796672,0.4536465,0.08104352,0.011980621,0.18991505,0.035593223,0.063611396,0.023675991,0.052232977,0.050362986,0.053278904,0.010871304,0.04754215,0.043960642,0.084878586,0.014706371,0.014104171,0.025767846,0.041900482,0.05603635,0.031155957,0.049221974,0.008779449,0.0128997695,0.0042154025,0.015942467,0.017495511,0.008367417,0.005102856],[0.48017913,0.5860831,0.30997768,0.30961478,0.47429204,0.64523286,0.0,0.08458215,0.044428315,0.3808647,0.05793387,0.1999778,0.27215514,0.23054229,0.67420334,0.13231657,0.015561987,0.2634858,0.029834187,0.08317112,0.0293907,0.084944986,0.055031184,0.064827755,0.0116513325,0.06063498,0.09961968,0.14634882,0.020480653,0.015844204,0.031769376,0.052289758,0.07889772,0.065150276,0.052168813,0.011086908,0.020077484,0.0056039286,0.020077484,0.022093331,0.010240272,0.0058861407],[4.685514,7.4773602,4.6070247,3.4660022,7.3885274,9.205646,7.181048,0.0,0.47126716,4.3426557,0.61720794,2.2379081,3.934745,2.632479,8.574689,1.4236138,0.13529931,3.7763696,0.46913886,0.69717133,0.11644862,0.9784114,0.63210607,1.365226,0.2490115,0.57433784,2.1543126,1.6918325,0.27394307,0.23806594,0.28975332,0.4356941,0.83642316,0.7069007,0.82851803,0.07692299,0.2265123,0.08878068,0.1450287,0.28488863,0.09516559,0.06749765],[8.356478,12.849618,7.3829627,5.8987927,12.708774,15.833051,12.308344,1.4853127,0.0,7.650524,1.1232574,3.8856623,6.7215056,4.5666347,14.742792,2.4826338,0.24191146,6.578224,0.7889095,1.273215,0.5130992,1.9023182,1.1201761,2.172961,0.41653994,1.0297906,3.6807544,2.9807808,0.46790126,0.41345826,0.5331301,0.8392436,1.4462826,1.2685931,1.4026306,0.18798207,0.3882912,0.14689301,0.25731984,0.48587772,0.15973334,0.119671516],[0.7001515,1.2032554,0.8105622,0.571554,1.2798722,1.5520294,1.2094467,0.13367607,0.08670845,0.0,0.09309539,0.36124524,0.64513963,0.4035717,1.3746113,0.2333626,0.028387187,0.57793874,0.09515986,0.12599795,0.045354605,0.16116245,0.09941782,0.23091076,0.047612615,0.09967588,0.36589083,0.24078263,0.04019344,0.03696771,0.0541931,0.08786971,0.13812809,0.09374054,0.13722478,0.017225843,0.036064506,0.016322613,0.030580746,0.049160965,0.016451646,0.011483881],[6.638467,10.465588,6.2692084,4.5717907,10.1737795,12.687432,9.9786825,1.2255567,0.72972363,6.088134,0.0,2.9419343,5.340835,3.6691563,11.721577,1.9942027,0.19623417,5.107487,0.64520186,1.0699028,0.41841573,1.4874905,0.94060963,1.8297619,0.33347553,0.80796903,2.891305,2.3929613,0.3790838,0.30167526,0.3941471,0.70963925,1.0724133,1.0079759,1.1326665,0.15104592,0.3075332,0.12133883,0.23389104,0.3790838,0.12259406,0.09288697],[1.7789959,3.0012248,1.6956042,0.8782386,2.8586314,3.5715983,2.789117,0.35551494,0.21091837,1.6859282,0.19920808,0.0,1.4206027,1.0271977,3.1243389,0.5450539,0.053080153,1.2796644,0.18380651,0.27532494,0.115835406,0.40922952,0.26794237,0.49654752,0.08821279,0.21970108,0.7970113,0.6728787,0.10552466,0.06873693,0.100178346,0.2079908,0.14676636,0.28945366,0.3005275,0.043533444,0.067591295,0.03525963,0.061735835,0.08312106,0.026603881,0.024185346],[1.0860496,1.5520667,0.95104474,0.65187705,1.4605129,1.7863125,1.3646101,0.2162678,0.12664202,0.91073614,0.13570951,0.42486024,0.0,0.40470594,1.7039815,0.28445446,0.03372041,0.7471042,0.10873186,0.1826956,0.07343609,0.22750849,0.115026645,0.26714724,0.047957912,0.14267874,0.4078527,0.3392232,0.025477646,0.04593469,0.07381078,0.11352789,0.16665888,0.15249561,0.1680827,0.027950475,0.040014885,0.01738475,0.043761596,0.053877715,0.022105606,0.013338302],[1.5216814,2.335571,1.4505492,1.076542,2.3647535,2.920829,2.2757041,0.28242436,0.16348282,1.335107,0.19783416,0.70945454,1.0122763,0.0,2.7024972,0.3407143,0.049913876,1.2043225,0.16101381,0.24925384,0.10122264,0.33770856,0.17990705,0.42423102,0.0807206,0.19654599,0.66608596,0.4498872,0.06601495,0.07449485,0.10701903,0.1589742,0.26095477,0.22316828,0.26095477,0.03595961,0.05689101,0.028231038,0.057749733,0.08608763,0.031343967,0.02114644],[0.31296033,0.51408684,0.32375863,0.16017784,0.45981047,0.56277287,0.41491404,0.07267453,0.04402039,0.2542339,0.03591137,0.10381588,0.22932404,0.1754793,0.0,0.09597944,0.01264053,0.17558153,0.04088581,0.05403741,0.025485488,0.07022138,0.03884152,0.07301524,0.013356032,0.030016998,0.13025652,0.10807482,0.01693354,0.013628604,0.02122655,0.043202672,0.04749568,0.0434071,0.024429271,0.010323668,0.014923321,0.004804084,0.0144803915,0.008245306,0.0052470136,0.005689943],[3.087002,4.672487,2.860254,2.125985,4.6189885,5.727449,4.5386424,0.5718739,0.33721444,2.7695549,0.41116518,1.3934903,2.3799427,1.4628949,5.344275,0.0,0.09228962,2.3984768,0.29797125,0.51548266,0.19996189,0.6432502,0.4239833,0.8469291,0.14868937,0.38690934,1.3057487,0.9835694,0.16663475,0.14868937,0.210808,0.33977807,0.52258086,0.4332518,0.50641274,0.072766624,0.06606176,0.04929984,0.114967845,0.1705788,0.06251212,0.043186694],[27.763672,42.518135,25.498055,19.261852,41.4626,51.50333,40.423508,5.1414905,2.9770336,25.215263,3.7024124,12.607717,21.688595,15.08851,47.87308,8.110045,0.0,21.4206,2.546083,4.5329843,1.7697307,6.2121325,3.8455143,7.547557,1.3569033,3.4260776,11.83288,9.774875,1.5526263,