{"choices":{"Ruby":21,"HTML/CSS":4,"OCaml":38,"LISP":30,"MATLAB":39,"C#":2,"Clojure":31,"Julia":25,"Assembly":32,"Crystal":35,"Bash/Shell":17,"PowerShell":23,"COBOL":41,"Swift":15,"Elixir":7,"APL":16,"C++":3,"Go":9,"Haskell":19,"Fortran":40,"Objective-C":36,"F#":8,"Scala":22,"Kotlin":13,"Solidity":33,"C":11,"VBA":24,"TypeScript":1,"JavaScript":5,"Python":14,"SQL":6,"Lua":10,"SAS":37,"Rust":0,"Java":12,"Delphi":18,"Erlang":20,"Groovy":28,"Dart":27,"Perl":29,"R":34,"PHP":26},"changes":[[1.0,0.29665205,0.2105821,0.34204543,0.21968693,0.20931645,0.20977025,0.517808,0.4324601,0.40376434,0.5205084,0.39958107,0.19619311,0.3150301,0.27008158,0.2873355,0.37993407,0.33851492,0.10282619,0.60926735,0.57271236,0.35349277,0.41453412,0.22086386,0.18093169,0.4678097,0.15536414,0.30972946,0.2873673,0.3982868,0.5177418,0.43034047,0.4750691,0.43784854,0.25326142,0.57058793,0.29304436,0.32804212,0.68741524,0.29745033,0.4601364,0.421965],[0.45164174,1.0,0.4792387,0.32851043,0.58848006,0.5805182,0.46415675,0.44479972,0.53313065,0.47715756,0.433462,0.31516826,0.40022117,0.4600627,0.37345672,0.46478876,0.31907764,0.42455435,0.16837247,0.4072782,0.39134896,0.44943583,0.39941528,0.5197739,0.33694762,0.28814486,0.43262082,0.5178263,0.4320203,0.34475687,0.3225903,0.34364963,0.34273097,0.6108925,0.32888895,0.49803686,0.44811922,0.56613517,0.4357225,0.32012016,0.32801643,0.47398582],[0.19301322,0.28848577,1.0,0.33104083,0.29060513,0.2628375,0.32224885,0.16084826,0.6702573,0.20103467,0.29080465,0.30066904,0.2239072,0.23250785,0.21052945,0.23171823,0.29112238,0.20782651,0.28381708,0.19656757,0.21894775,0.21014565,0.18728471,0.5934265,0.4853808,0.15984635,0.22239472,0.25678906,0.2362593,0.28587162,0.18467101,0.16305108,0.30960524,0.18804105,0.2266674,0.36078498,0.38313055,0.3809524,0.2395175,0.2955628,0.36674258,0.4768786],[0.23780751,0.1501138,0.251105,1.0,0.17455105,0.16942176,0.1700492,0.15081547,0.21056952,0.19591422,0.4054247,0.63607496,0.23946026,0.20037171,0.24533331,0.21969903,0.30427548,0.2685054,0.18099391,0.27962577,0.2393852,0.2150222,0.18930273,0.2442775,0.33694983,0.29579931,0.19709109,0.19859385,0.23240817,0.39615035,0.31694347,0.15737058,0.5649912,0.20183411,0.27231514,0.33529305,0.44470072,0.31745896,0.3274688,0.52030766,0.55125076,0.4942176],[0.3264273,0.5743288,0.47115725,0.37291288,1.0,0.67628,0.55072784,0.3429509,0.35181373,0.3600752,0.46274626,0.37794986,0.4447512,0.36358604,0.40637776,0.39462858,0.3437553,0.4883118,0.29164028,0.30191064,0.33660388,0.47555807,0.27048627,0.5885182,0.5395504,0.269231,0.7120991,0.46378654,0.42526904,0.49358097,0.32258308,0.28275487,0.3840925,0.4585388,0.38887018,0.44706166,0.42189732,0.5873015,0.28687778,0.41926718,0.37357765,0.50578034],[0.38592526,0.7031222,0.5287464,0.44880307,0.83928466,1.0,0.6267878,0.3900882,0.37750387,0.4830457,0.5146443,0.4451375,0.57826287,0.46496788,0.51237905,0.4957602,0.37828952,0.54741436,0.3247144,0.32218847,0.38970587,0.578193,0.35169318,0.64234036,0.6283857,0.32462853,0.81064844,0.5597567,0.55255544,0.5235546,0.34435484,0.31785348,0.41956663,0.6227935,0.4706885,0.4568628,0.53591794,0.64814824,0.3193505,0.47875354,0.3986333,0.53468215],[0.30396435,0.4418115,0.5096671,0.35450518,0.5371451,0.4925914,1.0,0.36211994,0.43399507,0.39050433,0.39874032,0.36866102,0.49418637,0.38623986,0.43006104,0.35282835,0.36513686,0.5064922,0.55501306,0.30327317,0.4044046,0.46072894,0.44307962,0.6578901,0.6868924,0.32282367,0.6626956,0.40329117,0.510124,0.5792313,0.3645082,0.3307488,0.3575149,0.37988862,0.5589587,0.46078727,0.4321564,0.6322751,0.32612032,0.48252833,0.4214138,0.5780346],[0.09956373,0.056179296,0.033753127,0.041687906,0.0443839,0.040675122,0.04803267,1.0,0.20390342,0.07855859,0.1506276,0.06312091,0.030204913,0.070616506,0.03939796,0.07672046,0.26809204,0.06199536,0.07215874,0.22559944,0.68709147,0.17637567,0.15177478,0.044686977,0.112676084,0.1494822,0.03275585,0.08532878,0.13114752,0.16167025,0.23145157,0.2605779,0.09684832,0.10782808,0.07123381,0.50392145,0.15051314,0.22751315,0.35453308,0.115203,0.28701591,0.3583814],[0.049243294,0.03986822,0.08322618,0.034464713,0.02695919,0.023282565,0.034086633,0.12069712,1.0,0.03890266,0.084929235,0.03691346,0.019257823,0.045511995,0.022327686,0.04673427,0.22532918,0.03269843,0.07636805,0.16277047,0.18382365,0.05195503,0.110148996,0.09978245,0.121343546,0.09724363,0.021569302,0.04586383,0.12150438,0.13811575,0.16290334,0.15686281,0.07550328,0.052182753,0.06918351,0.2823533,0.13797048,0.24338672,0.32205716,0.106704466,0.29157224,0.32659024],[0.36573178,0.2838788,0.19866917,0.25522357,0.21949652,0.23736063,0.24404037,0.37004495,0.30970553,1.0,0.39624533,0.2872996,0.25059238,0.32852978,0.27386972,0.28674033,0.2763119,0.32343376,0.1130478,0.34044972,0.425649,0.36065415,0.37129024,0.23852128,0.20043048,0.30437586,0.22580855,0.38650027,0.39922342,0.38650414,0.32257718,0.29721162,0.29713148,0.4424548,0.27507085,0.47647053,0.36259428,0.33068848,0.35858667,0.28044975,0.4191351,0.4855501],[0.07267022,0.039794665,0.044305813,0.0814188,0.04353193,0.039004724,0.03844658,0.10945647,0.1042641,0.061075382,1.0,0.10501556,0.043369394,0.058716323,0.04554498,0.060146127,0.2286189,0.078052886,0.072761,0.13644138,0.18300971,0.09009519,0.082824,0.06957478,0.13651451,0.13057306,0.05665546,0.059839107,0.12632853,0.22805658,0.24032669,0.12487237,0.15856972,0.0755954,0.07736934,0.29215685,0.16191953,0.23280421,0.24357755,0.14447881,0.332574,0.35838148],[0.18343712,0.09505118,0.15063654,0.42008796,0.11678803,0.11083944,0.11675948,0.15080358,0.14894353,0.1456211,0.34518155,1.0,0.16381739,0.13386829,0.16385497,0.1556174,0.31414673,0.24091606,0.13168603,0.2694993,0.25652957,0.17711589,0.14116418,0.17003019,0.24919036,0.2228679,0.14527328,0.1310397,0.20057815,0.42184642,0.365318,0.15685898,0.6214613,0.12739603,0.19529343,0.32941017,0.39453167,0.26719326,0.34371248,0.3833818,0.52391493,0.45086473],[0.15313092,0.20510742,0.1906374,0.2686477,0.23354177,0.24451187,0.26599163,0.12253118,0.13200074,0.21588448,0.2422636,0.27823663,1.0,0.42021668,0.22534804,0.25139886,0.25986832,0.24700546,0.12748362,0.17663199,0.19935313,0.22291297,0.3737313,0.2414574,0.30661213,0.14273116,0.2569065,0.2557687,0.6721342,0.3436865,0.205652,0.21827087,0.26986578,0.21911323,0.23551798,0.2686274,0.39110744,0.3862432,0.20974284,0.3210647,0.32801813,0.4855489],[0.17145595,0.16449754,0.13808404,0.15687627,0.1331991,0.13727932,0.14502743,0.20006542,0.21777941,0.19741893,0.22887754,0.15873371,0.29325625,1.0,0.14191742,0.3740935,0.23519543,0.1526372,0.0980201,0.215811,0.22957684,0.19478238,0.31620726,0.15915145,0.18526444,0.17560257,0.15290262,0.3110346,0.40694115,0.25695795,0.19597037,0.23581934,0.20190915,0.20223151,0.17144273,0.3431339,0.39566478,0.30423012,0.27198735,0.24268062,0.33484814,0.43063438],[0.46327528,0.42093617,0.39401728,0.6047997,0.46929398,0.47665584,0.50915676,0.35147458,0.33641502,0.51858705,0.5589958,0.61217755,0.49562174,0.44717476,1.0,0.44452184,0.3898026,0.6108205,0.2784125,0.46437016,0.3888889,0.47249228,0.53488374,0.5440644,0.57529795,0.60333186,0.47814107,0.478592,0.5207329,0.5717345,0.49758065,0.34571725,0.54235065,0.5111282,0.75562376,0.4058823,0.5005701,0.62698406,0.42489848,0.7714825,0.64920264,0.51734096],[0.08513807,0.090563715,0.07492964,0.093641944,0.07878301,0.079741485,0.07219568,0.11825942,0.12172602,0.09380416,0.12761532,0.100427955,0.09553869,0.2036199,0.07686045,1.0,0.23026489,0.08140532,0.09140134,0.11717516,0.17156927,0.1650723,0.12280725,0.086163275,0.18309951,0.11661439,0.09596774,0.17999867,0.1851503,0.19272044,0.13790374,0.11093938,0.12999041,0.15694232,0.124728285,0.27647308,0.61801916,0.33862507,0.21109734,0.18319249,0.27790722,0.3670515],[0.013494964,0.0074459314,0.011284309,0.01554557,0.008219449,0.007288746,0.008948547,0.04955515,0.070367835,0.010835567,0.058161132,0.024316173,0.011835652,0.0153518235,0.00807372,0.027614204,1.0,0.016457181,0.06915579,0.06922718,0.12091536,0.033271357,0.04610421,0.023615692,0.106175475,0.06213663,0.017886756,0.023019295,0.089681745,0.111348994,