{"choices":{"MATLAB":39,"Go":9,"HTML/CSS":4,"APL":16,"Java":12,"Scala":22,"Dart":27,"Delphi":18,"Perl":29,"LISP":30,"R":34,"Haskell":19,"Julia":25,"COBOL":41,"JavaScript":5,"PowerShell":23,"Python":14,"PHP":26,"Swift":15,"Rust":0,"Ruby":21,"F#":8,"OCaml":38,"Groovy":28,"Lua":10,"Kotlin":13,"Assembly":32,"Objective-C":36,"SAS":37,"Elixir":7,"Crystal":35,"Fortran":40,"C":11,"VBA":24,"SQL":6,"TypeScript":1,"Clojure":31,"Bash/Shell":17,"Erlang":20,"C#":2,"C++":3,"Solidity":33},"changes":[[100.0,29.665205,21.05821,34.204544,21.968693,20.931644,20.977024,51.780804,43.24601,40.376434,52.050842,39.958107,19.619312,31.50301,27.008158,28.73355,37.99341,33.851494,10.282619,60.926735,57.271236,35.349277,41.45341,22.086386,18.093168,46.78097,15.536414,30.972946,28.73673,39.82868,51.77418,43.034046,47.506912,43.784855,25.326141,57.058792,29.304436,32.80421,68.74152,29.745033,46.01364,42.1965],[45.164173,100.0,47.92387,32.851044,58.848007,58.05182,46.415676,44.479973,53.313065,47.715755,43.3462,31.516827,40.022118,46.00627,37.345673,46.478878,31.907764,42.455437,16.837246,40.72782,39.134895,44.943584,39.94153,51.97739,33.694763,28.814486,43.26208,51.78263,43.20203,34.47569,32.25903,34.364964,34.273098,61.08925,32.888897,49.803688,44.811924,56.613518,43.57225,32.012016,32.801643,47.398582],[19.301323,28.848576,100.0,33.104084,29.060513,26.28375,32.224884,16.084826,67.02573,20.103466,29.080465,30.066904,22.39072,23.250786,21.052944,23.171824,29.112238,20.782652,28.381708,19.656757,21.894775,21.014565,18.72847,59.34265,48.53808,15.984635,22.239471,25.678905,23.625929,28.587162,18.467102,16.305109,30.960524,18.804104,22.66674,36.0785,38.313057,38.095238,23.95175,29.55628,36.67426,47.687862],[23.78075,15.01138,25.1105,100.0,17.455105,16.942177,17.004921,15.081547,21.056952,19.591423,40.542473,63.607494,23.946026,20.03717,24.53333,21.969902,30.427547,26.85054,18.099392,27.962578,23.93852,21.50222,18.930273,24.427752,33.694984,29.579931,19.709108,19.859386,23.240816,39.615036,31.694347,15.737059,56.49912,20.18341,27.231514,33.529305,44.47007,31.745895,32.74688,52.030766,55.125076,49.42176],[32.64273,57.432877,47.115726,37.29129,100.0,67.628006,55.072784,34.29509,35.181374,36.00752,46.274628,37.794987,44.47512,36.358604,40.637775,39.46286,34.37553,48.83118,29.164028,30.191063,33.66039,47.55581,27.048626,58.85182,53.955044,26.9231,71.20991,46.378654,42.526905,49.358097,32.25831,28.275486,38.409252,45.85388,38.887016,44.706165,42.18973,58.73015,28.687778,41.92672,37.357765,50.578033],[38.592525,70.31222,52.87464,44.880306,83.92847,100.0,62.67878,39.00882,37.75039,48.30457,51.46443,44.51375,57.826286,46.496788,51.237904,49.57602,37.828953,54.741436,32.47144,32.218845,38.970585,57.8193,35.16932,64.23404,62.838573,32.462852,81.06484,55.97567,55.255543,52.35546,34.435482,31.785349,41.956665,62.27935,47.068848,45.68628,53.591793,64.81483,31.935051,47.875355,39.86333,53.468216],[30.396435,44.18115,50.96671,35.45052,53.714508,49.25914,100.0,36.211994,43.399506,39.050434,39.87403,36.8661,49.418636,38.623985,43.006104,35.282837,36.513687,50.64922,55.501305,30.327316,40.44046,46.072895,44.30796,65.78901,68.68924,32.282368,66.26956,40.329117,51.0124,57.923134,36.45082,33.07488,35.751488,37.98886,55.89587,46.078728,43.21564,63.22751,32.61203,48.252834,42.14138,57.80346],[9.956373,5.6179295,3.3753128,4.168791,4.43839,4.067512,4.803267,100.0,20.390343,7.855859,15.062759,6.312091,3.0204914,7.0616508,3.939796,7.672046,26.809204,6.1995363,7.2158737,22.559944,68.709145,17.637568,15.177478,4.4686975,11.267609,14.94822,3.2755852,8.532878,13.114752,16.167025,23.145157,26.057789,9.684832,10.782808,7.1233807,50.392143,15.051314,22.751314,35.45331,11.5203,28.701591,35.83814],[4.9243293,3.9868221,8.3226185,3.4464712,2.695919,2.3282566,3.4086633,12.069712,100.0,3.890266,8.492924,3.691346,1.9257823,4.5511994,2.2327685,4.673427,22.532917,3.269843,7.636805,16.277046,18.382364,5.1955028,11.014899,9.978245,12.134355,9.724363,2.1569302,4.586383,12.150438,13.811575,16.290335,15.686281,7.5503283,5.218275,6.918351,28.23533,13.797048,24.33867,32.205715,10.670446,29.157225,32.659023],[36.573177,28.38788,19.866917,25.522358,21.949652,23.736063,24.404037,37.004494,30.970552,100.0,39.624535,28.72996,25.059238,32.852978,27.386972,28.674034,27.631191,32.343376,11.30478,34.04497,42.5649,36.065414,37.129025,23.852127,20.043049,30.437586,22.580854,38.65003,39.92234,38.650414,32.257717,29.72116,29.713148,44.24548,27.507084,47.647053,36.259426,33.068848,35.858665,28.044975,41.91351,48.55501],[7.267022,3.9794664,4.430581,8.14188,4.353193,3.9004724,3.844658,10.945647,10.426411,6.107538,100.0,10.501556,4.3369393,5.871632,4.5544977,6.0146127,22.86189,7.805289,7.2761,13.644138,18.300972,9.00952,8.2824,6.957478,13.651451,13.057306,5.665546,5.9839106,12.632853,22.805658,24.03267,12.487237,15.856973,7.5595403,7.736934,29.215685,16.191954,23.28042,24.357756,14.447882,33.2574,35.838146],[18.343712,9.505117,15.063654,42.008797,11.6788025,11.083944,11.675948,15.0803585,14.894353,14.562111,34.518154,100.0,16.381739,13.386829,16.385498,15.56174,31.414673,24.091606,13.168603,26.94993,25.652958,17.711588,14.116419,17.00302,24.919037,22.28679,14.5273285,13.10397,20.057816,42.184643,36.5318,15.685898,62.146126,12.739603,19.529343,32.941017,39.453167,26.719326,34.371246,38.33818,52.391495,45.08647],[15.313092,20.510742,19.06374,26.86477,23.354177,24.451187,26.599163,12.2531185,13.200074,21.588448,24.22636,27.823662,100.0,42.021667,22.534803,25.139887,25.986832,24.700546,12.748363,17.663198,19.935312,22.291296,37.373127,24.14574,30.661213,14.273116,25.69065,25.576868,67.213425,34.36865,20.5652,21.827087,26.986578,21.911324,23.551798,26.86274,39.110744,38.62432,20.974285,32.106472,32.80181,48.55489],[17.145596,16.449755,13.808404,15.687627,13.31991,13.727932,14.502743,20.006542,21.77794,19.741894,22.887754,15.873371,29.325624,100.0,14.191742,37.40935,23.519543,15.26372,9.80201,21.5811,22.957684,19.478237,31.620726,15.915145,18.526443,17.560257,15.290262,31.103458,40.694115,25.695795,19.597036,23.581934,20.190916,20.22315,17.144274,34.31339,39.56648,30.423012,27.198734,24.268063,33.484814,43.06344],[46.32753,42.093616,39.40173,60.47997,46.929398,47.665585,50.915676,35.147457,33.641502,51.858704,55.89958,61.217754,49.562176,44.717476,100.0,44.452183,38.98026,61.082047,27.84125,46.437016,38.88889,47.24923,53.488373,54.40644,57.529797,60.333187,47.814106,47.8592,52.073288,57.17345,49.758064,34.571724,54.235065,51.11282,75.56238,40.58823,50.05701,62.698406,42.48985,77.148254,64.920265,51.734097],[8.513806,9.056372,7.492964,9.364195,7.878301,7.9741488,7.219568,11.825942,12.172602,9.380416,12.761532,10.042795,9.553869,20.36199,7.686045,100.0,23.02649,8.140532,9.140134,11.717516,17.156927,16.50723,12.280725,8.616327,18.309952,11.661439,9.596774,17.999866,18.51503,19.272045,13.790374,11.093939,12.999042,15.694232,12.472829,27.647308,61.801918,33.862507,21.109734,18.319248,27.790722,36.70515],[1.3494964,0.74459314,1.128431,1.5545571,0.8219449,0.7288746,0.89485466,4.955515,7.0367837,1.0835567,5.816113,2.4316173,1.1835653,1.5351824,0.80737203,2.7614205,100.0,1.6457181,6.915579,6.922718,12.0915365,3.3271358,4.610421,2.3615692,10.617547,6.213663,1.7886755,2.3019295,8.968174,11.134899,11.935598,8.978735,6.7952075,3.9903853,4.1577706,22.745083,11.060429,24.867702,17.185377,9.631724,25.28472,32.080894],[26.189137,21.57292,17.539785,29.892427,25.423214,22.990555,27.028608,24.962072,22.239454,27.630404,43.263783,40.60596,24.510607,21.704618,27.561802,21.258177,35.855762,100.0,12.507587,34.04267,34.06891,28.001097,28.111094,40.276684,29.79448,29.986626,26.36181,20.384712,45.70922,56.103386,44.677784,28.225119,48.227345,24.750673,29.48204,39.01989,33.181686,36.50793,35.31848,35.127815,51.70849,47.976875],[0.999849,1.0752861,3.0120132,2.530236,1.9085035,1.7097923,3.7227378,3.648388,6.522441,1.213719,5.0624995,2.7876344,1.588835,1.7496547,1.5758064,2.9973633,18.914469,1.570745,100.0,3.9512026,9.885953,3.0201244,4.202154,4.553072,15.710056,4.9974704,4.1910553,