{"choices":{"MATLAB":39,"Go":9,"HTML/CSS":4,"APL":16,"Java":12,"Scala":22,"Dart":27,"Delphi":18,"Perl":29,"LISP":30,"R":34,"Haskell":19,"Julia":25,"COBOL":41,"JavaScript":5,"PowerShell":23,"Python":14,"PHP":26,"Swift":15,"Rust":0,"Ruby":21,"F#":8,"OCaml":38,"Groovy":28,"Lua":10,"Kotlin":13,"Assembly":32,"Objective-C":36,"SAS":37,"Elixir":7,"Crystal":35,"Fortran":40,"C":11,"VBA":24,"SQL":6,"TypeScript":1,"Clojure":31,"Bash/Shell":17,"Erlang":20,"C#":2,"C++":3,"Solidity":33},"changes":[[100.0,14.834933,10.531854,17.10659,10.986115,10.46718,10.490243,25.889328,21.623009,20.193548,26.025105,19.978361,9.812664,15.752469,13.505962,14.366002,18.996712,16.930977,5.1413107,30.462683,28.63562,17.673407,20.726234,11.042553,9.046587,23.390366,7.767918,15.48578,14.36837,19.914347,25.887096,21.517029,23.752462,21.891788,12.661895,28.529411,14.652224,16.402117,34.37077,14.872521,23.006834,21.098267],[22.582249,100.0,23.96212,16.425688,29.424143,29.026022,23.20795,22.240803,26.656395,23.858065,21.673641,15.758656,20.01124,23.003435,18.672913,23.239992,15.953948,21.227911,8.418521,20.364742,19.566994,22.472486,19.971441,25.989363,16.847239,14.407924,21.6314,25.891829,21.60077,17.237686,16.129032,17.182663,17.13723,30.544895,16.445126,24.90196,22.40593,28.306877,21.786198,16.005665,16.400911,23.699423],[9.650558,14.424184,100.0,16.551783,14.53015,13.142215,16.11232,8.041958,33.513096,10.051613,14.539748,15.033096,11.195205,11.625161,10.526405,11.585485,14.555921,10.391179,14.19122,9.827761,10.947713,10.506783,9.363525,29.670212,24.26869,7.9918957,11.119453,12.83906,11.812922,14.293363,9.233871,8.152735,15.479318,9.4013815,11.332652,18.039217,19.156214,19.047619,11.975643,14.778092,18.337132,23.843931],[11.891544,7.50096,12.556598,100.0,8.724383,8.462489,8.500646,7.5402856,10.529019,9.796774,20.271965,31.803719,11.974523,10.020395,12.25724,10.984027,15.213816,13.426974,9.04991,13.981763,11.968954,10.749936,9.465525,12.212766,16.847239,14.790635,9.856655,9.929312,11.620058,19.807281,15.846774,7.8689375,28.250164,10.092095,13.616223,16.764706,22.234892,15.873016,16.373478,26.015108,27.562641,24.710983],[16.320927,28.715933,23.55717,18.644922,100.0,33.81351,27.535883,17.14807,17.591167,18.003225,23.138075,18.896385,22.236794,18.178404,20.31857,19.729836,17.1875,24.41474,14.582081,15.0962515,16.830067,23.777836,13.525091,29.425531,26.977247,13.462405,35.604095,23.187572,21.26326,24.6788,16.129032,14.138288,19.205515,22.92786,19.444445,22.352942,21.09464,29.36508,14.343707,20.963173,18.678816,25.289017],[19.298195,35.155468,26.44283,22.444519,41.96397,100.0,31.337687,19.504408,18.875193,24.158066,25.732216,22.256874,28.917196,23.250322,25.611586,24.78801,18.914473,27.37502,16.235718,16.109423,19.485294,28.90965,17.58466,32.11702,31.419287,16.231426,40.53242,27.987835,27.627771,26.17773,17.217741,15.892673,20.978333,31.139677,23.534424,22.843138,26.795895,32.407406,15.967524,23.937677,19.931664,26.734104],[15.204816,22.097889,25.486258,17.724445,26.865438,24.636303,100.0,18.105808,21.700052,19.529034,19.937239,18.431772,24.70963,19.310863,21.50937,17.639519,18.256578,25.324722,27.751053,15.163795,20.220589,23.035578,22.154222,32.893616,34.34453,16.141376,33.133106,20.16275,25.506268,28.961456,18.225807,16.537668,17.875902,18.994627,27.948195,23.039215,21.607754,31.613754,16.305819,24.126534,21.070614,28.901735],[4.9757495,2.8080614,1.6867546,2.0847342,2.2184637,2.0332162,2.4008224,100.0,10.195171,3.9258063,7.5313807,3.156823,1.5099288,3.5315585,1.9693356,3.8355355,13.404605,3.099985,3.6079373,11.279973,34.354576,8.817508,7.588739,2.2340426,5.633803,7.474111,1.6382253,4.265987,6.557377,8.083512,11.57258,13.028896,4.8424163,5.3914046,3.5616903,25.19608,7.5256557,11.375661,17.726658,5.760151,14.350798,17.919075],[2.460118,1.9923224,4.1610866,1.7232683,1.3472053,1.1647809,1.7033544,6.0352693,100.0,1.9451612,4.246862,1.845723,0.96290743,2.2756548,1.1158433,2.3368173,11.266448,1.6349494,3.8184006,8.139142,9.191176,2.5979013,5.507956,4.989362,6.0671725,4.862674,1.0784982,2.2932763,6.075217,6.9057813,8.145161,7.8431377,3.775443,2.609363,3.459441,14.117648,6.898518,12.169312,16.102842,5.335222,14.5785885,16.32948],[18.29019,14.195778,9.935591,12.764795,10.976281,11.868087,12.203677,18.501064,15.485363,100.0,19.811716,14.364817,12.532784,16.428726,13.69506,14.336422,13.815789,16.175804,5.6524353,17.021276,21.28268,18.031736,18.563852,11.925532,10.021668,15.2183695,11.290102,19.324347,19.961428,19.325481,16.129032,14.860681,14.855549,22.122025,13.752556,23.82353,18.129988,16.534391,17.929634,14.022663,20.95672,24.277456],[3.6346636,1.9884835,2.2160578,4.072798,2.1751957,1.949225,1.921061,5.4727883,5.2131486,3.0548387,100.0,5.250764,2.1693518,2.9358094,2.2759795,3.0072966,11.430922,3.904244,3.6380038,6.8220196,9.150327,4.504735,4.1411667,3.4787233,6.8255687,6.5285907,2.8327646,2.9919448,6.3162966,11.40257,12.016129,6.24355,7.928431,3.7797391,3.868439,14.607843,8.09578,11.640212,12.17862,7.223796,16.628702,17.919075],[9.171391,4.7523994,7.5314074,21.002857,5.8392005,5.541821,5.837768,7.5402856,7.4473553,7.2806454,17.259415,100.0,8.190333,6.6927867,8.192504,7.7795305,15.707236,12.045008,6.5844855,13.475177,12.8267975,8.8559,7.0583434,8.5,12.459372,11.143629,7.2627983,6.5510435,10.02893,21.092077,18.266129,7.8431377,31.07354,6.3699155,9.764826,16.470589,19.726341,13.359788,17.185385,19.169027,26.195898,22.543352],[7.652077,10.251439,9.527453,13.433086,11.672502,12.23099,13.294228,6.126482,6.5998974,10.790322,12.11297,13.912932,100.0,21.012238,11.269166,12.5714855,12.993421,12.350854,6.374023,8.831475,9.96732,11.14666,18.68625,12.074469,15.330444,7.1364255,12.846416,12.789742,33.606556,17.184155,10.282258,10.913313,13.493106,10.955487,11.775733,13.431374,19.555302,19.312168,10.487144,16.05288,16.400911,24.277456],[8.575353,8.226488,6.9064474,7.8471756,6.6612906,6.865075,7.2528625,10.00304,10.888547,9.874193,11.443515,7.936609,14.668415,100.0,7.097104,18.704397,11.759869,7.6347985,4.9007816,10.790274,11.478758,9.738931,15.809875,7.9574466,9.263272,8.779829,7.645051,15.5515375,20.347157,12.847966,9.798388,11.790505,10.095206,10.111282,8.571916,17.156864,19.783352,15.21164,13.599459,12.1340885,16.742598,21.531792],[23.163677,21.038387,19.702187,30.241257,23.457106,23.824919,25.451542,17.57373,16.82075,25.932259,27.949793,30.60718,24.784563,22.35938,100.0,22.224413,19.490131,30.542969,13.920626,23.218506,19.444445,23.624264,26.744186,27.202126,28.764898,30.16659,23.904436,23.927338,26.036644,28.586725,24.879032,17.285862,27.117533,25.55641,37.781185,20.294117,25.028505,31.349205,21.244925,38.574127,32.460136,25.86705],[4.2569976,4.523992,3.746572,4.682246,3.9354126,3.984026,3.6062732,5.913652,6.0862865,4.690323,6.380753,5.0216393,4.77707,10.181408,3.8398638,100.0,11.513158,4.070382,4.570054,5.859507,8.578432,8.254415,6.140351,4.308511,9.154929,5.830707,4.7986345,9.000493,9.257474,9.635975,6.8951616,5.5469556,6.5003285,7.8472757,6.237219,13.82353,30.900797,16.931217,10.554804,9.159584,13.895217,18.3526],[0.6749255,0.37236083,0.5643773,0.7775723,0.41104513,0.36448926,0.44750845,2.4779568,3.518233,0.5419355,2.90795,1.2156314,0.591982,0.76749676,0.40374786,1.3803983,100.0,0.8231385,3.4576066,3.4616683,6.0457516,1.6636806,2.3051815,1.1808511,5.3087754,3.1067085,0.89419794,1.1507479,4.484089,5.567452,5.967742,4.489164,3.3978987,1.9953953,2.079073,11.372549,5.5302167,12.433863,8.592692,4.815864,12.642368,16.040462],[13.101151,10.790787,8.77495,14.9462,12.716831,11.489335,13.519997,12.480997,11.119671,13.819355,21.6318,20.302954,12.255527,10.852298,13.780239,10.629067,17.927631,100.0,6.253758,17.021276,17.034313,14.000511,14.055488,20.138298,14.897076,14.993246,13.180887,10.192339,22.854387,28.051392,22.338709,14.112488,24.11359,12.375288,14.740968,19.509804,16.59065,18.25397,17.658998,17.56374,25.854216,23.98844],[0.49962014,0.537428,1.5050061,1.2651311,0.9538607,0.8557574,1.8605869,1.8242627,3.2614279,0.60645163,2.5313807,1.3938391,0.794305,0.87483895,0.7887564,1.4987181,9.457236,0.7853799,100.0,